Date,Title,Price,Link
2025-07-24T08:41:48.846Z,"Maruchan Instant Lunch Chicken Flavor Ramen Noodles, 2.25 oz Shelf Stable Cup","current price $0.48",https://www.walmart.com/ip/Maruchan-Instant-Lunch-Chicken-Flavor-Ramen-Noodles-2-25-oz-Shelf-Stable-Cup/10450893?classType=VARIANT&athbdg=L1600&from=/search
2025-07-24T08:41:55.488Z,"Maruchan Ramen Noodle Soup Chicken Flavor, 3 oz Shelf Stable Package","current price $0.47",https://www.walmart.com/ip/Maruchan-Ramen-Noodle-Soup-Chicken-Flavor-3-oz-Shelf-Stable-Package/15754233?classType=VARIANT&athbdg=L1600&from=/search
2025-07-24T08:42:01.961Z,"Maruchan Ramen Noodle Beef Flavor Soup, 3 oz, 12 Count Shelf Stable Package","current price $3.97",https://www.walmart.com/ip/Maruchan-Ramen-Noodle-Beef-Flavor-Soup-3-oz-12-Count-Shelf-Stable-Package/15570903?classType=VARIANT&athbdg=L1600&from=/search
2025-07-24T08:42:08.403Z,"Maruchan Yakisoba Teriyaki Beef Flavor Noodles, 4 oz Shelf Stable Package","current price $1.28",https://www.walmart.com/ip/Maruchan-Yakisoba-Teriyaki-Beef-Flavor-Noodles-4-oz-Shelf-Stable-Package/10450909?classType=VARIANT&athbdg=L1600&from=/search
2025-07-24T08:42:15.477Z,"Maruchan Ramen Noodle Chicken Flavor Soup, 3 oz, 12 Count Shelf Stable Package","current price $3.97",https://www.walmart.com/ip/Maruchan-Ramen-Noodle-Chicken-Flavor-Soup-3-oz-12-Count-Shelf-Stable-Package/10450904?classType=VARIANT&athbdg=L1600&from=/search
2025-07-24T08:42:21.987Z,"Maruchan Ramen Noodle Soup Soy Sauce Flavor, 3.0 Oz, Pack of 12","current price $17.08",https://www.walmart.com/ip/Maruchan-Ramen-Noodle-Soup-Soy-Sauce-Flavor-3-0-Oz-Pack-of-12/317759802?classType=REGULAR&from=/search
2025-07-24T08:42:28.419Z,"Maruchan Instant Lunch Beef Flavor Ramen Noodles, 2.25 oz Shelf Stable Cup","current price Now $0.48",https://www.walmart.com/ip/Maruchan-Instant-Lunch-Beef-Flavor-Ramen-Noodles-2-25-oz-Shelf-Stable-Cup/10450894?classType=VARIANT&athbdg=L1600&from=/search
2025-07-24T08:42:34.927Z,"Maruchan Instant Lunch Hot & Spicy Chicken Flavor Ramen Noodles, 2.25 oz Shelf Stable Cup","current price $0.48",https://www.walmart.com/ip/Maruchan-Instant-Lunch-Hot-Spicy-Chicken-Flavor-Ramen-Noodles-2-25-oz-Shelf-Stable-Cup/10450899?classType=VARIANT&athbdg=L1600&from=/search
2025-07-24T08:49:10.604Z,"Maruchan Instant Lunch Chicken Flavor Ramen Noodles, 2.25 oz Shelf Stable Cup","current price $0.48",https://www.walmart.com/ip/Maruchan-Instant-Lunch-Chicken-Flavor-Ramen-Noodles-2-25-oz-Shelf-Stable-Cup/10450893?classType=VARIANT&athbdg=L1600&from=/search
2025-07-24T08:49:17.748Z,"Maruchan Ramen Noodle Soup Chicken Flavor, 3 oz Shelf Stable Package","current price $0.47",https://www.walmart.com/ip/Maruchan-Ramen-Noodle-Soup-Chicken-Flavor-3-oz-Shelf-Stable-Package/15754233?classType=VARIANT&athbdg=L1600&from=/search
2025-07-24T08:49:24.017Z,"Maruchan Ramen Noodle Beef Flavor Soup, 3 oz, 12 Count Shelf Stable Package","current price $3.97",https://www.walmart.com/ip/Maruchan-Ramen-Noodle-Beef-Flavor-Soup-3-oz-12-Count-Shelf-Stable-Package/15570903?classType=VARIANT&athbdg=L1600&from=/search
2025-07-24T08:49:30.239Z,"Maruchan Yakisoba Teriyaki Beef Flavor Noodles, 4 oz Shelf Stable Package","current price $1.28",https://www.walmart.com/ip/Maruchan-Yakisoba-Teriyaki-Beef-Flavor-Noodles-4-oz-Shelf-Stable-Package/10450909?classType=VARIANT&athbdg=L1600&from=/search
2025-07-24T08:49:36.470Z,"Maruchan Ramen Noodle Chicken Flavor Soup, 3 oz, 12 Count Shelf Stable Package","current price $3.97",https://www.walmart.com/ip/Maruchan-Ramen-Noodle-Chicken-Flavor-Soup-3-oz-12-Count-Shelf-Stable-Package/10450904?classType=VARIANT&athbdg=L1600&from=/search
2025-07-24T08:49:42.981Z,"Maruchan Ramen Noodle Soup Soy Sauce Flavor, 3.0 Oz, Pack of 12","current price $17.08",https://www.walmart.com/ip/Maruchan-Ramen-Noodle-Soup-Soy-Sauce-Flavor-3-0-Oz-Pack-of-12/317759802?classType=REGULAR&from=/search
2025-07-24T08:49:50.146Z,"Maruchan Instant Lunch Beef Flavor Ramen Noodles, 2.25 oz Shelf Stable Cup","current price Now $0.48",https://www.walmart.com/ip/Maruchan-Instant-Lunch-Beef-Flavor-Ramen-Noodles-2-25-oz-Shelf-Stable-Cup/10450894?classType=VARIANT&athbdg=L1600&from=/search
2025-07-24T08:49:56.427Z,"Maruchan Instant Lunch Hot & Spicy Chicken Flavor Ramen Noodles, 2.25 oz Shelf Stable Cup","current price $0.48",https://www.walmart.com/ip/Maruchan-Instant-Lunch-Hot-Spicy-Chicken-Flavor-Ramen-Noodles-2-25-oz-Shelf-Stable-Cup/10450899?classType=VARIANT&athbdg=L1600&from=/search
2025-07-24T09:13:07.949Z,"Maruchan Instant Lunch Chicken Flavor Ramen Noodles, 2.25 oz Shelf Stable Cup","current price $0.48",https://www.walmart.com/ip/Maruchan-Instant-Lunch-Chicken-Flavor-Ramen-Noodles-2-25-oz-Shelf-Stable-Cup/10450893?classType=VARIANT&athbdg=L1600&from=/search
2025-07-24T09:13:14.995Z,"Maruchan Ramen Noodle Soup Chicken Flavor, 3 oz Shelf Stable Package","current price $0.47",https://www.walmart.com/ip/Maruchan-Ramen-Noodle-Soup-Chicken-Flavor-3-oz-Shelf-Stable-Package/15754233?classType=VARIANT&athbdg=L1600&from=/search
2025-07-24T09:13:21.861Z,"Maruchan Ramen Noodle Beef Flavor Soup, 3 oz, 12 Count Shelf Stable Package","current price $3.97",https://www.walmart.com/ip/Maruchan-Ramen-Noodle-Beef-Flavor-Soup-3-oz-12-Count-Shelf-Stable-Package/15570903?classType=VARIANT&athbdg=L1600&from=/search
2025-07-24T09:13:28.380Z,"Maruchan Yakisoba Teriyaki Beef Flavor Noodles, 4 oz Shelf Stable Package","current price $1.28",https://www.walmart.com/ip/Maruchan-Yakisoba-Teriyaki-Beef-Flavor-Noodles-4-oz-Shelf-Stable-Package/10450909?classType=VARIANT&athbdg=L1600&from=/search
2025-07-24T09:13:34.965Z,"Maruchan Ramen Noodle Chicken Flavor Soup, 3 oz, 12 Count Shelf Stable Package","current price $3.97",https://www.walmart.com/ip/Maruchan-Ramen-Noodle-Chicken-Flavor-Soup-3-oz-12-Count-Shelf-Stable-Package/10450904?classType=VARIANT&athbdg=L1600&from=/search
2025-07-24T09:13:41.960Z,"Maruchan Ramen Noodle Soup Soy Sauce Flavor, 3.0 Oz, Pack of 12","current price $17.08",https://www.walmart.com/ip/Maruchan-Ramen-Noodle-Soup-Soy-Sauce-Flavor-3-0-Oz-Pack-of-12/317759802?classType=REGULAR&from=/search
2025-07-24T09:13:48.463Z,"Maruchan Instant Lunch Beef Flavor Ramen Noodles, 2.25 oz Shelf Stable Cup","current price Now $0.48",https://www.walmart.com/ip/Maruchan-Instant-Lunch-Beef-Flavor-Ramen-Noodles-2-25-oz-Shelf-Stable-Cup/10450894?classType=VARIANT&athbdg=L1600&from=/search
2025-07-24T09:13:55.410Z,"Maruchan Instant Lunch Hot & Spicy Chicken Flavor Ramen Noodles, 2.25 oz Shelf Stable Cup","current price $0.48",https://www.walmart.com/ip/Maruchan-Instant-Lunch-Hot-Spicy-Chicken-Flavor-Ramen-Noodles-2-25-oz-Shelf-Stable-Cup/10450899?classType=VARIANT&athbdg=L1600&from=/search
2025-07-24T12:10:51.878Z,"Maruchan Instant Lunch Chicken Flavor Ramen Noodles, 2.25 oz Shelf Stable Cup","current price $0.48",https://www.walmart.com/ip/Maruchan-Instant-Lunch-Chicken-Flavor-Ramen-Noodles-2-25-oz-Shelf-Stable-Cup/10450893?classType=VARIANT&athbdg=L1600&from=/search
2025-07-24T12:10:58.847Z,"Maruchan Ramen Noodle Soup Chicken Flavor, 3 oz Shelf Stable Package","current price $0.47",https://www.walmart.com/ip/Maruchan-Ramen-Noodle-Soup-Chicken-Flavor-3-oz-Shelf-Stable-Package/15754233?classType=VARIANT&athbdg=L1600&from=/search
2025-07-24T12:11:05.486Z,"Maruchan Ramen Noodle Beef Flavor Soup, 3 oz, 12 Count Shelf Stable Package","current price $3.97",https://www.walmart.com/ip/Maruchan-Ramen-Noodle-Beef-Flavor-Soup-3-oz-12-Count-Shelf-Stable-Package/15570903?classType=VARIANT&athbdg=L1600&from=/search
2025-07-24T12:11:11.879Z,"Maruchan Yakisoba Teriyaki Beef Flavor Noodles, 4 oz Shelf Stable Package","current price $1.28",https://www.walmart.com/ip/Maruchan-Yakisoba-Teriyaki-Beef-Flavor-Noodles-4-oz-Shelf-Stable-Package/10450909?classType=VARIANT&athbdg=L1600&from=/search
2025-07-24T12:11:18.461Z,"Maruchan Ramen Noodle Chicken Flavor Soup, 3 oz, 12 Count Shelf Stable Package","current price $3.97",https://www.walmart.com/ip/Maruchan-Ramen-Noodle-Chicken-Flavor-Soup-3-oz-12-Count-Shelf-Stable-Package/10450904?classType=VARIANT&athbdg=L1600&from=/search
2025-07-24T12:11:25.972Z,"Maruchan Ramen Noodle Soup Soy Sauce Flavor, 3.0 Oz, Pack of 12","current price $17.08",https://www.walmart.com/ip/Maruchan-Ramen-Noodle-Soup-Soy-Sauce-Flavor-3-0-Oz-Pack-of-12/317759802?classType=REGULAR&from=/search
2025-07-24T12:11:32.199Z,"Maruchan Instant Lunch Beef Flavor Ramen Noodles, 2.25 oz Shelf Stable Cup","current price Now $0.48",https://www.walmart.com/ip/Maruchan-Instant-Lunch-Beef-Flavor-Ramen-Noodles-2-25-oz-Shelf-Stable-Cup/10450894?classType=VARIANT&athbdg=L1600&from=/search
2025-07-24T12:11:38.658Z,"Maruchan Instant Lunch Hot & Spicy Chicken Flavor Ramen Noodles, 2.25 oz Shelf Stable Cup","current price $0.48",https://www.walmart.com/ip/Maruchan-Instant-Lunch-Hot-Spicy-Chicken-Flavor-Ramen-Noodles-2-25-oz-Shelf-Stable-Cup/10450899?classType=VARIANT&athbdg=L1600&from=/search
2025-07-24T12:11:53.086Z,"Maruchan Instant Lunch Chicken Flavor Ramen Noodles, 2.25 oz Shelf Stable Cup","current price $0.48",https://www.walmart.com/ip/Maruchan-Instant-Lunch-Chicken-Flavor-Ramen-Noodles-2-25-oz-Shelf-Stable-Cup/10450893?classType=VARIANT&athbdg=L1600&from=/search
2025-07-24T12:12:00.280Z,"Maruchan Ramen Noodle Soup Chicken Flavor, 3 oz Shelf Stable Package","current price $0.47",https://www.walmart.com/ip/Maruchan-Ramen-Noodle-Soup-Chicken-Flavor-3-oz-Shelf-Stable-Package/15754233?classType=VARIANT&athbdg=L1600&from=/search
2025-07-24T12:12:06.986Z,"Maruchan Ramen Noodle Beef Flavor Soup, 3 oz, 12 Count Shelf Stable Package","current price $3.97",https://www.walmart.com/ip/Maruchan-Ramen-Noodle-Beef-Flavor-Soup-3-oz-12-Count-Shelf-Stable-Package/15570903?classType=VARIANT&athbdg=L1600&from=/search
2025-07-24T12:12:14.721Z,"Maruchan Yakisoba Teriyaki Beef Flavor Noodles, 4 oz Shelf Stable Package","current price $1.28",https://www.walmart.com/ip/Maruchan-Yakisoba-Teriyaki-Beef-Flavor-Noodles-4-oz-Shelf-Stable-Package/10450909?classType=VARIANT&athbdg=L1600&from=/search
2025-07-24T12:12:22.243Z,"Maruchan Ramen Noodle Chicken Flavor Soup, 3 oz, 12 Count Shelf Stable Package","current price $3.97",https://www.walmart.com/ip/Maruchan-Ramen-Noodle-Chicken-Flavor-Soup-3-oz-12-Count-Shelf-Stable-Package/10450904?classType=VARIANT&athbdg=L1600&from=/search
2025-07-24T12:12:28.777Z,"Maruchan Ramen Noodle Soup Soy Sauce Flavor, 3.0 Oz, Pack of 12","current price $17.08",https://www.walmart.com/ip/Maruchan-Ramen-Noodle-Soup-Soy-Sauce-Flavor-3-0-Oz-Pack-of-12/317759802?classType=REGULAR&from=/search
2025-07-24T12:12:35.829Z,"Maruchan Instant Lunch Beef Flavor Ramen Noodles, 2.25 oz Shelf Stable Cup","current price Now $0.48",https://www.walmart.com/ip/Maruchan-Instant-Lunch-Beef-Flavor-Ramen-Noodles-2-25-oz-Shelf-Stable-Cup/10450894?classType=VARIANT&athbdg=L1600&from=/search
2025-07-24T12:12:42.584Z,"Maruchan Instant Lunch Hot & Spicy Chicken Flavor Ramen Noodles, 2.25 oz Shelf Stable Cup","current price $0.48",https://www.walmart.com/ip/Maruchan-Instant-Lunch-Hot-Spicy-Chicken-Flavor-Ramen-Noodles-2-25-oz-Shelf-Stable-Cup/10450899?classType=VARIANT&athbdg=L1600&from=/search
2025-07-24T12:12:55.353Z,"Maruchan Instant Lunch Chicken Flavor Ramen Noodles, 2.25 oz Shelf Stable Cup","current price $0.48",https://www.walmart.com/ip/Maruchan-Instant-Lunch-Chicken-Flavor-Ramen-Noodles-2-25-oz-Shelf-Stable-Cup/10450893?classType=VARIANT&athbdg=L1600&from=/search
2025-07-24T12:13:02.323Z,"Maruchan Ramen Noodle Soup Chicken Flavor, 3 oz Shelf Stable Package","current price $0.47",https://www.walmart.com/ip/Maruchan-Ramen-Noodle-Soup-Chicken-Flavor-3-oz-Shelf-Stable-Package/15754233?classType=VARIANT&athbdg=L1600&from=/search
2025-07-24T12:13:08.792Z,"Maruchan Ramen Noodle Beef Flavor Soup, 3 oz, 12 Count Shelf Stable Package","current price $3.97",https://www.walmart.com/ip/Maruchan-Ramen-Noodle-Beef-Flavor-Soup-3-oz-12-Count-Shelf-Stable-Package/15570903?classType=VARIANT&athbdg=L1600&from=/search
2025-07-24T12:13:15.356Z,"Maruchan Yakisoba Teriyaki Beef Flavor Noodles, 4 oz Shelf Stable Package","current price $1.28",https://www.walmart.com/ip/Maruchan-Yakisoba-Teriyaki-Beef-Flavor-Noodles-4-oz-Shelf-Stable-Package/10450909?classType=VARIANT&athbdg=L1600&from=/search
2025-07-24T12:13:22.066Z,"Maruchan Ramen Noodle Chicken Flavor Soup, 3 oz, 12 Count Shelf Stable Package","current price $3.97",https://www.walmart.com/ip/Maruchan-Ramen-Noodle-Chicken-Flavor-Soup-3-oz-12-Count-Shelf-Stable-Package/10450904?classType=VARIANT&athbdg=L1600&from=/search
2025-07-24T12:13:28.314Z,"Maruchan Ramen Noodle Soup Soy Sauce Flavor, 3.0 Oz, Pack of 12","current price $17.08",https://www.walmart.com/ip/Maruchan-Ramen-Noodle-Soup-Soy-Sauce-Flavor-3-0-Oz-Pack-of-12/317759802?classType=REGULAR&from=/search
2025-07-24T12:13:35.114Z,"Maruchan Instant Lunch Beef Flavor Ramen Noodles, 2.25 oz Shelf Stable Cup","current price Now $0.48",https://www.walmart.com/ip/Maruchan-Instant-Lunch-Beef-Flavor-Ramen-Noodles-2-25-oz-Shelf-Stable-Cup/10450894?classType=VARIANT&athbdg=L1600&from=/search
2025-07-24T12:13:41.511Z,"Maruchan Instant Lunch Hot & Spicy Chicken Flavor Ramen Noodles, 2.25 oz Shelf Stable Cup","current price $0.48",https://www.walmart.com/ip/Maruchan-Instant-Lunch-Hot-Spicy-Chicken-Flavor-Ramen-Noodles-2-25-oz-Shelf-Stable-Cup/10450899?classType=VARIANT&athbdg=L1600&from=/search
2025-07-24T12:13:53.609Z,"Maruchan Instant Lunch Chicken Flavor Ramen Noodles, 2.25 oz Shelf Stable Cup","current price $0.48",https://www.walmart.com/ip/Maruchan-Instant-Lunch-Chicken-Flavor-Ramen-Noodles-2-25-oz-Shelf-Stable-Cup/10450893?classType=VARIANT&athbdg=L1600&from=/search
2025-07-24T12:14:00.508Z,"Maruchan Ramen Noodle Soup Chicken Flavor, 3 oz Shelf Stable Package","current price $0.47",https://www.walmart.com/ip/Maruchan-Ramen-Noodle-Soup-Chicken-Flavor-3-oz-Shelf-Stable-Package/15754233?classType=VARIANT&athbdg=L1600&from=/search
2025-07-24T12:14:06.895Z,"Maruchan Ramen Noodle Beef Flavor Soup, 3 oz, 12 Count Shelf Stable Package","current price $3.97",https://www.walmart.com/ip/Maruchan-Ramen-Noodle-Beef-Flavor-Soup-3-oz-12-Count-Shelf-Stable-Package/15570903?classType=VARIANT&athbdg=L1600&from=/search
2025-07-24T12:14:13.573Z,"Maruchan Yakisoba Teriyaki Beef Flavor Noodles, 4 oz Shelf Stable Package","current price $1.28",https://www.walmart.com/ip/Maruchan-Yakisoba-Teriyaki-Beef-Flavor-Noodles-4-oz-Shelf-Stable-Package/10450909?classType=VARIANT&athbdg=L1600&from=/search
2025-07-24T12:14:20.316Z,"Maruchan Ramen Noodle Chicken Flavor Soup, 3 oz, 12 Count Shelf Stable Package","current price $3.97",https://www.walmart.com/ip/Maruchan-Ramen-Noodle-Chicken-Flavor-Soup-3-oz-12-Count-Shelf-Stable-Package/10450904?classType=VARIANT&athbdg=L1600&from=/search
2025-07-24T12:14:26.861Z,"Maruchan Ramen Noodle Soup Soy Sauce Flavor, 3.0 Oz, Pack of 12","current price $17.08",https://www.walmart.com/ip/Maruchan-Ramen-Noodle-Soup-Soy-Sauce-Flavor-3-0-Oz-Pack-of-12/317759802?classType=REGULAR&from=/search
2025-07-24T12:14:33.537Z,"Maruchan Instant Lunch Beef Flavor Ramen Noodles, 2.25 oz Shelf Stable Cup","current price Now $0.48",https://www.walmart.com/ip/Maruchan-Instant-Lunch-Beef-Flavor-Ramen-Noodles-2-25-oz-Shelf-Stable-Cup/10450894?classType=VARIANT&athbdg=L1600&from=/search
2025-07-24T12:14:40.054Z,"Maruchan Instant Lunch Hot & Spicy Chicken Flavor Ramen Noodles, 2.25 oz Shelf Stable Cup","current price $0.48",https://www.walmart.com/ip/Maruchan-Instant-Lunch-Hot-Spicy-Chicken-Flavor-Ramen-Noodles-2-25-oz-Shelf-Stable-Cup/10450899?classType=VARIANT&athbdg=L1600&from=/search
2025-07-24T12:14:52.577Z,"Maruchan Instant Lunch Chicken Flavor Ramen Noodles, 2.25 oz Shelf Stable Cup","current price $0.48",https://www.walmart.com/ip/Maruchan-Instant-Lunch-Chicken-Flavor-Ramen-Noodles-2-25-oz-Shelf-Stable-Cup/10450893?classType=VARIANT&athbdg=L1600&from=/search
2025-07-24T12:14:59.542Z,"Maruchan Ramen Noodle Soup Chicken Flavor, 3 oz Shelf Stable Package","current price $0.47",https://www.walmart.com/ip/Maruchan-Ramen-Noodle-Soup-Chicken-Flavor-3-oz-Shelf-Stable-Package/15754233?classType=VARIANT&athbdg=L1600&from=/search
2025-07-24T12:15:06.132Z,"Maruchan Ramen Noodle Beef Flavor Soup, 3 oz, 12 Count Shelf Stable Package","current price $3.97",https://www.walmart.com/ip/Maruchan-Ramen-Noodle-Beef-Flavor-Soup-3-oz-12-Count-Shelf-Stable-Package/15570903?classType=VARIANT&athbdg=L1600&from=/search
2025-07-24T12:15:12.496Z,"Maruchan Yakisoba Teriyaki Beef Flavor Noodles, 4 oz Shelf Stable Package","current price $1.28",https://www.walmart.com/ip/Maruchan-Yakisoba-Teriyaki-Beef-Flavor-Noodles-4-oz-Shelf-Stable-Package/10450909?classType=VARIANT&athbdg=L1600&from=/search
2025-07-24T12:15:19.033Z,"Maruchan Ramen Noodle Chicken Flavor Soup, 3 oz, 12 Count Shelf Stable Package","current price $3.97",https://www.walmart.com/ip/Maruchan-Ramen-Noodle-Chicken-Flavor-Soup-3-oz-12-Count-Shelf-Stable-Package/10450904?classType=VARIANT&athbdg=L1600&from=/search
2025-07-24T12:15:26.105Z,"Maruchan Ramen Noodle Soup Soy Sauce Flavor, 3.0 Oz, Pack of 12","current price $17.08",https://www.walmart.com/ip/Maruchan-Ramen-Noodle-Soup-Soy-Sauce-Flavor-3-0-Oz-Pack-of-12/317759802?classType=REGULAR&from=/search
2025-07-24T12:15:33.078Z,"Maruchan Instant Lunch Beef Flavor Ramen Noodles, 2.25 oz Shelf Stable Cup","current price Now $0.48",https://www.walmart.com/ip/Maruchan-Instant-Lunch-Beef-Flavor-Ramen-Noodles-2-25-oz-Shelf-Stable-Cup/10450894?classType=VARIANT&athbdg=L1600&from=/search
2025-07-24T12:15:39.562Z,"Maruchan Instant Lunch Hot & Spicy Chicken Flavor Ramen Noodles, 2.25 oz Shelf Stable Cup","current price $0.48",https://www.walmart.com/ip/Maruchan-Instant-Lunch-Hot-Spicy-Chicken-Flavor-Ramen-Noodles-2-25-oz-Shelf-Stable-Cup/10450899?classType=VARIANT&athbdg=L1600&from=/search
2025-07-24T12:15:53.130Z,"Maruchan Instant Lunch Chicken Flavor Ramen Noodles, 2.25 oz Shelf Stable Cup","current price $0.48",https://www.walmart.com/ip/Maruchan-Instant-Lunch-Chicken-Flavor-Ramen-Noodles-2-25-oz-Shelf-Stable-Cup/10450893?classType=VARIANT&athbdg=L1600&from=/search
2025-07-24T12:16:00.193Z,"Maruchan Ramen Noodle Soup Chicken Flavor, 3 oz Shelf Stable Package","current price $0.47",https://www.walmart.com/ip/Maruchan-Ramen-Noodle-Soup-Chicken-Flavor-3-oz-Shelf-Stable-Package/15754233?classType=VARIANT&athbdg=L1600&from=/search
2025-07-24T12:16:07.258Z,"Maruchan Ramen Noodle Beef Flavor Soup, 3 oz, 12 Count Shelf Stable Package","current price $3.97",https://www.walmart.com/ip/Maruchan-Ramen-Noodle-Beef-Flavor-Soup-3-oz-12-Count-Shelf-Stable-Package/15570903?classType=VARIANT&from=/search
2025-07-24T12:16:14.089Z,"Maruchan Yakisoba Teriyaki Beef Flavor Noodles, 4 oz Shelf Stable Package","current price $1.28",https://www.walmart.com/ip/Maruchan-Yakisoba-Teriyaki-Beef-Flavor-Noodles-4-oz-Shelf-Stable-Package/10450909?classType=VARIANT&athbdg=L1600&from=/search
2025-07-24T12:16:20.488Z,"Maruchan Ramen Noodle Chicken Flavor Soup, 3 oz, 12 Count Shelf Stable Package","current price $3.97",https://www.walmart.com/ip/Maruchan-Ramen-Noodle-Chicken-Flavor-Soup-3-oz-12-Count-Shelf-Stable-Package/10450904?classType=VARIANT&athbdg=L1600&from=/search
2025-07-24T12:16:26.858Z,"Maruchan Ramen Noodle Soup Soy Sauce Flavor, 3.0 Oz, Pack of 12","current price $17.08",https://www.walmart.com/ip/Maruchan-Ramen-Noodle-Soup-Soy-Sauce-Flavor-3-0-Oz-Pack-of-12/317759802?classType=REGULAR&from=/search
2025-07-24T12:16:33.661Z,"Maruchan Instant Lunch Beef Flavor Ramen Noodles, 2.25 oz Shelf Stable Cup","current price Now $0.48",https://www.walmart.com/ip/Maruchan-Instant-Lunch-Beef-Flavor-Ramen-Noodles-2-25-oz-Shelf-Stable-Cup/10450894?classType=VARIANT&athbdg=L1600&from=/search
2025-07-24T12:16:40.268Z,"Maruchan Instant Lunch Hot & Spicy Chicken Flavor Ramen Noodles, 2.25 oz Shelf Stable Cup","current price $0.48",https://www.walmart.com/ip/Maruchan-Instant-Lunch-Hot-Spicy-Chicken-Flavor-Ramen-Noodles-2-25-oz-Shelf-Stable-Cup/10450899?classType=VARIANT&athbdg=L1600&from=/search
2025-07-24T12:16:52.114Z,"Maruchan Instant Lunch Chicken Flavor Ramen Noodles, 2.25 oz Shelf Stable Cup","current price $0.48",https://www.walmart.com/ip/Maruchan-Instant-Lunch-Chicken-Flavor-Ramen-Noodles-2-25-oz-Shelf-Stable-Cup/10450893?classType=VARIANT&athbdg=L1600&from=/search
2025-07-24T12:16:59.010Z,"Maruchan Ramen Noodle Soup Chicken Flavor, 3 oz Shelf Stable Package","current price $0.47",https://www.walmart.com/ip/Maruchan-Ramen-Noodle-Soup-Chicken-Flavor-3-oz-Shelf-Stable-Package/15754233?classType=VARIANT&athbdg=L1600&from=/search
2025-07-24T12:17:06.575Z,"Maruchan Ramen Noodle Beef Flavor Soup, 3 oz, 12 Count Shelf Stable Package","current price $3.97",https://www.walmart.com/ip/Maruchan-Ramen-Noodle-Beef-Flavor-Soup-3-oz-12-Count-Shelf-Stable-Package/15570903?classType=VARIANT&athbdg=L1600&from=/search
2025-07-24T12:17:13.585Z,"Maruchan Yakisoba Teriyaki Beef Flavor Noodles, 4 oz Shelf Stable Package","current price $1.28",https://www.walmart.com/ip/Maruchan-Yakisoba-Teriyaki-Beef-Flavor-Noodles-4-oz-Shelf-Stable-Package/10450909?classType=VARIANT&athbdg=L1600&from=/search
2025-07-24T12:17:21.182Z,"Maruchan Ramen Noodle Chicken Flavor Soup, 3 oz, 12 Count Shelf Stable Package","current price $3.97",https://www.walmart.com/ip/Maruchan-Ramen-Noodle-Chicken-Flavor-Soup-3-oz-12-Count-Shelf-Stable-Package/10450904?classType=VARIANT&from=/search
2025-07-24T12:17:27.736Z,"Maruchan Ramen Noodle Soup Soy Sauce Flavor, 3.0 Oz, Pack of 12","current price $17.08",https://www.walmart.com/ip/Maruchan-Ramen-Noodle-Soup-Soy-Sauce-Flavor-3-0-Oz-Pack-of-12/317759802?classType=REGULAR&from=/search
2025-07-24T12:17:33.983Z,"Maruchan Instant Lunch Beef Flavor Ramen Noodles, 2.25 oz Shelf Stable Cup","current price Now $0.48",https://www.walmart.com/ip/Maruchan-Instant-Lunch-Beef-Flavor-Ramen-Noodles-2-25-oz-Shelf-Stable-Cup/10450894?classType=VARIANT&athbdg=L1600&from=/search
2025-07-24T12:17:40.514Z,"Maruchan Instant Lunch Hot & Spicy Chicken Flavor Ramen Noodles, 2.25 oz Shelf Stable Cup","current price $0.48",https://www.walmart.com/ip/Maruchan-Instant-Lunch-Hot-Spicy-Chicken-Flavor-Ramen-Noodles-2-25-oz-Shelf-Stable-Cup/10450899?classType=VARIANT&athbdg=L1600&from=/search
2025-07-24T12:17:53.192Z,"Maruchan Instant Lunch Chicken Flavor Ramen Noodles, 2.25 oz Shelf Stable Cup","current price $0.48",https://www.walmart.com/ip/Maruchan-Instant-Lunch-Chicken-Flavor-Ramen-Noodles-2-25-oz-Shelf-Stable-Cup/10450893?classType=VARIANT&athbdg=L1600&from=/search
2025-07-24T12:17:59.800Z,"Maruchan Ramen Noodle Soup Chicken Flavor, 3 oz Shelf Stable Package","current price $0.47",https://www.walmart.com/ip/Maruchan-Ramen-Noodle-Soup-Chicken-Flavor-3-oz-Shelf-Stable-Package/15754233?classType=VARIANT&athbdg=L1600&from=/search
2025-07-24T12:18:06.911Z,"Maruchan Ramen Noodle Beef Flavor Soup, 3 oz, 12 Count Shelf Stable Package","current price $3.97",https://www.walmart.com/ip/Maruchan-Ramen-Noodle-Beef-Flavor-Soup-3-oz-12-Count-Shelf-Stable-Package/15570903?classType=VARIANT&athbdg=L1600&from=/search
2025-07-24T12:18:13.445Z,"Maruchan Yakisoba Teriyaki Beef Flavor Noodles, 4 oz Shelf Stable Package","current price $1.28",https://www.walmart.com/ip/Maruchan-Yakisoba-Teriyaki-Beef-Flavor-Noodles-4-oz-Shelf-Stable-Package/10450909?classType=VARIANT&athbdg=L1600&from=/search
2025-07-24T12:18:20.448Z,"Maruchan Ramen Noodle Chicken Flavor Soup, 3 oz, 12 Count Shelf Stable Package","current price $3.97",https://www.walmart.com/ip/Maruchan-Ramen-Noodle-Chicken-Flavor-Soup-3-oz-12-Count-Shelf-Stable-Package/10450904?classType=VARIANT&athbdg=L1600&from=/search
2025-07-24T12:18:27.186Z,"Maruchan Ramen Noodle Soup Soy Sauce Flavor, 3.0 Oz, Pack of 12","current price $17.08",https://www.walmart.com/ip/Maruchan-Ramen-Noodle-Soup-Soy-Sauce-Flavor-3-0-Oz-Pack-of-12/317759802?classType=REGULAR&from=/search
2025-07-24T12:18:34.230Z,"Maruchan Instant Lunch Beef Flavor Ramen Noodles, 2.25 oz Shelf Stable Cup","current price Now $0.48",https://www.walmart.com/ip/Maruchan-Instant-Lunch-Beef-Flavor-Ramen-Noodles-2-25-oz-Shelf-Stable-Cup/10450894?classType=VARIANT&athbdg=L1600&from=/search
2025-07-24T12:18:40.653Z,"Maruchan Instant Lunch Hot & Spicy Chicken Flavor Ramen Noodles, 2.25 oz Shelf Stable Cup","current price $0.48",https://www.walmart.com/ip/Maruchan-Instant-Lunch-Hot-Spicy-Chicken-Flavor-Ramen-Noodles-2-25-oz-Shelf-Stable-Cup/10450899?classType=VARIANT&athbdg=L1600&from=/search
2025-07-24T12:29:11.656Z,"Maruchan Instant Lunch Chicken Flavor Ramen Noodles, 2.25 oz Shelf Stable Cup","current price $0.48",https://www.walmart.com/ip/Maruchan-Instant-Lunch-Chicken-Flavor-Ramen-Noodles-2-25-oz-Shelf-Stable-Cup/10450893?classType=VARIANT&athbdg=L1600&from=/search
2025-07-24T12:29:18.217Z,"Maruchan Ramen Noodle Soup Chicken Flavor, 3 oz Shelf Stable Package","current price $0.47",https://www.walmart.com/ip/Maruchan-Ramen-Noodle-Soup-Chicken-Flavor-3-oz-Shelf-Stable-Package/15754233?classType=VARIANT&athbdg=L1600&from=/search
2025-07-24T12:29:24.859Z,"Maruchan Ramen Noodle Beef Flavor Soup, 3 oz, 12 Count Shelf Stable Package","current price $3.97",https://www.walmart.com/ip/Maruchan-Ramen-Noodle-Beef-Flavor-Soup-3-oz-12-Count-Shelf-Stable-Package/15570903?classType=VARIANT&athbdg=L1600&from=/search
2025-07-24T12:29:31.378Z,"Maruchan Yakisoba Teriyaki Beef Flavor Noodles, 4 oz Shelf Stable Package","current price $1.28",https://www.walmart.com/ip/Maruchan-Yakisoba-Teriyaki-Beef-Flavor-Noodles-4-oz-Shelf-Stable-Package/10450909?classType=VARIANT&athbdg=L1600&from=/search
2025-07-24T12:29:37.954Z,"Maruchan Ramen Noodle Chicken Flavor Soup, 3 oz, 12 Count Shelf Stable Package","current price $3.97",https://www.walmart.com/ip/Maruchan-Ramen-Noodle-Chicken-Flavor-Soup-3-oz-12-Count-Shelf-Stable-Package/10450904?classType=VARIANT&athbdg=L1600&from=/search
2025-07-24T12:29:44.423Z,"Maruchan Ramen Noodle Soup Soy Sauce Flavor, 3.0 Oz, Pack of 12","current price $17.08",https://www.walmart.com/ip/Maruchan-Ramen-Noodle-Soup-Soy-Sauce-Flavor-3-0-Oz-Pack-of-12/317759802?classType=REGULAR&from=/search
2025-07-24T12:29:50.979Z,"Maruchan Instant Lunch Beef Flavor Ramen Noodles, 2.25 oz Shelf Stable Cup","current price Now $0.48",https://www.walmart.com/ip/Maruchan-Instant-Lunch-Beef-Flavor-Ramen-Noodles-2-25-oz-Shelf-Stable-Cup/10450894?classType=VARIANT&athbdg=L1600&from=/search
2025-07-24T12:29:57.530Z,"Maruchan Instant Lunch Hot & Spicy Chicken Flavor Ramen Noodles, 2.25 oz Shelf Stable Cup","current price $0.48",https://www.walmart.com/ip/Maruchan-Instant-Lunch-Hot-Spicy-Chicken-Flavor-Ramen-Noodles-2-25-oz-Shelf-Stable-Cup/10450899?classType=VARIANT&athbdg=L1600&from=/search
2025-07-24T12:36:03.777Z,"Maruchan Instant Lunch Chicken Flavor Ramen Noodles, 2.25 oz Shelf Stable Cup","current price $0.48",https://www.walmart.com/ip/Maruchan-Instant-Lunch-Chicken-Flavor-Ramen-Noodles-2-25-oz-Shelf-Stable-Cup/10450893?classType=VARIANT&athbdg=L1600&from=/search
2025-07-24T12:36:10.686Z,"Maruchan Ramen Noodle Soup Chicken Flavor, 3 oz Shelf Stable Package","current price $0.47",https://www.walmart.com/ip/Maruchan-Ramen-Noodle-Soup-Chicken-Flavor-3-oz-Shelf-Stable-Package/15754233?classType=VARIANT&athbdg=L1600&from=/search
2025-07-24T12:36:17.168Z,"Maruchan Ramen Noodle Beef Flavor Soup, 3 oz, 12 Count Shelf Stable Package","current price $3.97",https://www.walmart.com/ip/Maruchan-Ramen-Noodle-Beef-Flavor-Soup-3-oz-12-Count-Shelf-Stable-Package/15570903?classType=VARIANT&athbdg=L1600&from=/search
2025-07-24T12:36:23.729Z,"Maruchan Yakisoba Teriyaki Beef Flavor Noodles, 4 oz Shelf Stable Package","current price $1.28",https://www.walmart.com/ip/Maruchan-Yakisoba-Teriyaki-Beef-Flavor-Noodles-4-oz-Shelf-Stable-Package/10450909?classType=VARIANT&athbdg=L1600&from=/search
2025-07-24T12:36:30.807Z,"Maruchan Ramen Noodle Chicken Flavor Soup, 3 oz, 12 Count Shelf Stable Package","current price $3.97",https://www.walmart.com/ip/Maruchan-Ramen-Noodle-Chicken-Flavor-Soup-3-oz-12-Count-Shelf-Stable-Package/10450904?classType=VARIANT&athbdg=L1600&from=/search
2025-07-24T12:36:37.015Z,"Maruchan Ramen Noodle Soup Soy Sauce Flavor, 3.0 Oz, Pack of 12","current price $17.08",https://www.walmart.com/ip/Maruchan-Ramen-Noodle-Soup-Soy-Sauce-Flavor-3-0-Oz-Pack-of-12/317759802?classType=REGULAR&from=/search
2025-07-24T12:36:43.797Z,"Maruchan Instant Lunch Beef Flavor Ramen Noodles, 2.25 oz Shelf Stable Cup","current price Now $0.48",https://www.walmart.com/ip/Maruchan-Instant-Lunch-Beef-Flavor-Ramen-Noodles-2-25-oz-Shelf-Stable-Cup/10450894?classType=VARIANT&athbdg=L1600&from=/search
2025-07-24T12:36:50.318Z,"Maruchan Instant Lunch Hot & Spicy Chicken Flavor Ramen Noodles, 2.25 oz Shelf Stable Cup","current price $0.48",https://www.walmart.com/ip/Maruchan-Instant-Lunch-Hot-Spicy-Chicken-Flavor-Ramen-Noodles-2-25-oz-Shelf-Stable-Cup/10450899?classType=VARIANT&athbdg=L1600&from=/search
2025-07-24T12:38:23.631Z,"Maruchan Instant Lunch Chicken Flavor Ramen Noodles, 2.25 oz Shelf Stable Cup","current price $0.48",https://www.walmart.com/ip/Maruchan-Instant-Lunch-Chicken-Flavor-Ramen-Noodles-2-25-oz-Shelf-Stable-Cup/10450893?classType=VARIANT&athbdg=L1600&from=/search
2025-07-24T12:38:30.561Z,"Maruchan Ramen Noodle Soup Chicken Flavor, 3 oz Shelf Stable Package","current price $0.47",https://www.walmart.com/ip/Maruchan-Ramen-Noodle-Soup-Chicken-Flavor-3-oz-Shelf-Stable-Package/15754233?classType=VARIANT&athbdg=L1600&from=/search
2025-07-24T12:38:36.910Z,"Maruchan Ramen Noodle Beef Flavor Soup, 3 oz, 12 Count Shelf Stable Package","current price $3.97",https://www.walmart.com/ip/Maruchan-Ramen-Noodle-Beef-Flavor-Soup-3-oz-12-Count-Shelf-Stable-Package/15570903?classType=VARIANT&athbdg=L1600&from=/search
2025-07-24T12:38:43.200Z,"Maruchan Yakisoba Teriyaki Beef Flavor Noodles, 4 oz Shelf Stable Package","current price $1.28",https://www.walmart.com/ip/Maruchan-Yakisoba-Teriyaki-Beef-Flavor-Noodles-4-oz-Shelf-Stable-Package/10450909?classType=VARIANT&athbdg=L1600&from=/search
2025-07-24T12:38:49.719Z,"Maruchan Ramen Noodle Chicken Flavor Soup, 3 oz, 12 Count Shelf Stable Package","current price $3.97",https://www.walmart.com/ip/Maruchan-Ramen-Noodle-Chicken-Flavor-Soup-3-oz-12-Count-Shelf-Stable-Package/10450904?classType=VARIANT&athbdg=L1600&from=/search
2025-07-24T12:38:56.352Z,"Maruchan Ramen Noodle Soup Soy Sauce Flavor, 3.0 Oz, Pack of 12","current price $17.08",https://www.walmart.com/ip/Maruchan-Ramen-Noodle-Soup-Soy-Sauce-Flavor-3-0-Oz-Pack-of-12/317759802?classType=REGULAR&from=/search
2025-07-24T12:39:02.811Z,"Maruchan Instant Lunch Beef Flavor Ramen Noodles, 2.25 oz Shelf Stable Cup","current price Now $0.48",https://www.walmart.com/ip/Maruchan-Instant-Lunch-Beef-Flavor-Ramen-Noodles-2-25-oz-Shelf-Stable-Cup/10450894?classType=VARIANT&athbdg=L1600&from=/search
2025-07-24T12:39:10.086Z,"Maruchan Instant Lunch Hot & Spicy Chicken Flavor Ramen Noodles, 2.25 oz Shelf Stable Cup","current price $0.48",https://www.walmart.com/ip/Maruchan-Instant-Lunch-Hot-Spicy-Chicken-Flavor-Ramen-Noodles-2-25-oz-Shelf-Stable-Cup/10450899?classType=VARIANT&athbdg=L1600&from=/search
2025-07-24T13:27:22.321Z,"Maruchan Instant Lunch Chicken Flavor Ramen Noodles, 2.25 oz Shelf Stable Cup","current price $0.48",https://www.walmart.com/ip/Maruchan-Instant-Lunch-Chicken-Flavor-Ramen-Noodles-2-25-oz-Shelf-Stable-Cup/10450893?classType=VARIANT&athbdg=L1600&from=/search
2025-07-24T13:27:29.448Z,"Maruchan Ramen Noodle Soup Chicken Flavor, 3 oz Shelf Stable Package","current price $0.47",https://www.walmart.com/ip/Maruchan-Ramen-Noodle-Soup-Chicken-Flavor-3-oz-Shelf-Stable-Package/15754233?classType=VARIANT&athbdg=L1600&from=/search
2025-07-24T13:27:36.267Z,"Maruchan Ramen Noodle Beef Flavor Soup, 3 oz, 12 Count Shelf Stable Package","current price $3.97",https://www.walmart.com/ip/Maruchan-Ramen-Noodle-Beef-Flavor-Soup-3-oz-12-Count-Shelf-Stable-Package/15570903?classType=VARIANT&athbdg=L1600&from=/search
2025-07-24T13:27:42.678Z,"Maruchan Yakisoba Teriyaki Beef Flavor Noodles, 4 oz Shelf Stable Package","current price $1.28",https://www.walmart.com/ip/Maruchan-Yakisoba-Teriyaki-Beef-Flavor-Noodles-4-oz-Shelf-Stable-Package/10450909?classType=VARIANT&athbdg=L1600&from=/search
2025-07-24T13:27:50.407Z,"Maruchan Ramen Noodle Chicken Flavor Soup, 3 oz, 12 Count Shelf Stable Package","current price $3.97",https://www.walmart.com/ip/Maruchan-Ramen-Noodle-Chicken-Flavor-Soup-3-oz-12-Count-Shelf-Stable-Package/10450904?classType=VARIANT&athbdg=L1600&from=/search
2025-07-24T13:27:57.963Z,"Maruchan Ramen Noodle Soup Soy Sauce Flavor, 3.0 Oz, Pack of 12","current price $17.08",https://www.walmart.com/ip/Maruchan-Ramen-Noodle-Soup-Soy-Sauce-Flavor-3-0-Oz-Pack-of-12/317759802?classType=REGULAR&from=/search
2025-07-24T13:28:04.952Z,"Maruchan Instant Lunch Beef Flavor Ramen Noodles, 2.25 oz Shelf Stable Cup","current price Now $0.48",https://www.walmart.com/ip/Maruchan-Instant-Lunch-Beef-Flavor-Ramen-Noodles-2-25-oz-Shelf-Stable-Cup/10450894?classType=VARIANT&athbdg=L1600&from=/search
2025-07-24T13:28:12.373Z,"Maruchan Instant Lunch Hot & Spicy Chicken Flavor Ramen Noodles, 2.25 oz Shelf Stable Cup","current price $0.48",https://www.walmart.com/ip/Maruchan-Instant-Lunch-Hot-Spicy-Chicken-Flavor-Ramen-Noodles-2-25-oz-Shelf-Stable-Cup/10450899?classType=VARIANT&athbdg=L1600&from=/search
2025-07-25T05:16:06.240Z,"Maruchan Instant Lunch Chicken Flavor Ramen Noodles, 2.25 oz Shelf Stable Cup","current price $0.62",https://www.walmart.com/ip/Maruchan-Instant-Lunch-Chicken-Flavor-Ramen-Noodles-2-25-oz-Shelf-Stable-Cup/10450893?classType=VARIANT&athbdg=L1600&from=/search
2025-07-25T05:16:13.472Z,"Maruchan Ramen Noodle Soup Chicken Flavor, 3 oz Shelf Stable Package","current price $0.47",https://www.walmart.com/ip/Maruchan-Ramen-Noodle-Soup-Chicken-Flavor-3-oz-Shelf-Stable-Package/15754233?classType=VARIANT&athbdg=L1600&from=/search
2025-07-25T05:16:20.329Z,"Maruchan Ramen Noodle Beef Flavor Soup, 3 oz, 12 Count Shelf Stable Package","current price $3.97",https://www.walmart.com/ip/Maruchan-Ramen-Noodle-Beef-Flavor-Soup-3-oz-12-Count-Shelf-Stable-Package/15570903?classType=VARIANT&athbdg=L1600&from=/search
2025-07-25T05:16:27.276Z,"Maruchan Yakisoba Teriyaki Beef Flavor Noodles, 4 oz Shelf Stable Package","current price $1.28",https://www.walmart.com/ip/Maruchan-Yakisoba-Teriyaki-Beef-Flavor-Noodles-4-oz-Shelf-Stable-Package/10450909?classType=VARIANT&athbdg=L1600&from=/search
2025-07-25T05:16:33.626Z,"Maruchan Ramen Noodle Chicken Flavor Soup, 3 oz, 12 Count Shelf Stable Package","current price $3.97",https://www.walmart.com/ip/Maruchan-Ramen-Noodle-Chicken-Flavor-Soup-3-oz-12-Count-Shelf-Stable-Package/10450904?classType=VARIANT&athbdg=L1600&from=/search
2025-07-25T05:16:39.709Z,"Maruchan Ramen Noodle Soup Soy Sauce Flavor, 3.0 Oz, Pack of 12","current price $18.80",https://www.walmart.com/ip/Maruchan-Ramen-Noodle-Soup-Soy-Sauce-Flavor-3-0-Oz-Pack-of-12/317759802?classType=REGULAR&from=/search
2025-07-25T05:16:45.768Z,"Maruchan Instant Lunch Beef Flavor Ramen Noodles, 2.25 oz Shelf Stable Cup","current price $0.62",https://www.walmart.com/ip/Maruchan-Instant-Lunch-Beef-Flavor-Ramen-Noodles-2-25-oz-Shelf-Stable-Cup/10450894?classType=VARIANT&athbdg=L1600&from=/search
2025-07-25T05:58:48.276Z,"Maruchan Instant Lunch Chicken Flavor Ramen Noodles, 2.25 oz Shelf Stable Cup","current price $0.62",https://www.walmart.com/ip/Maruchan-Instant-Lunch-Chicken-Flavor-Ramen-Noodles-2-25-oz-Shelf-Stable-Cup/10450893?classType=VARIANT&athbdg=L1600&from=/search
2025-07-25T05:58:54.753Z,"Maruchan Ramen Noodle Soup Chicken Flavor, 3 oz Shelf Stable Package","current price $0.52",https://www.walmart.com/ip/Maruchan-Ramen-Noodle-Soup-Chicken-Flavor-3-oz-Shelf-Stable-Package/15754233?classType=VARIANT&athbdg=L1600&from=/search
2025-07-25T05:59:01.293Z,"Maruchan Ramen Noodle Beef Flavor Soup, 3 oz, 12 Count Shelf Stable Package","current price $4.00",https://www.walmart.com/ip/Maruchan-Ramen-Noodle-Beef-Flavor-Soup-3-oz-12-Count-Shelf-Stable-Package/15570903?classType=VARIANT&athbdg=L1600&from=/search
2025-07-25T05:59:07.920Z,"Maruchan Yakisoba Teriyaki Beef Flavor Noodles, 4 oz Shelf Stable Package","current price $1.28",https://www.walmart.com/ip/Maruchan-Yakisoba-Teriyaki-Beef-Flavor-Noodles-4-oz-Shelf-Stable-Package/10450909?classType=VARIANT&athbdg=L1600&from=/search
2025-07-25T05:59:14.332Z,"Maruchan Ramen Noodle Chicken Flavor Soup, 3 oz, 12 Count Shelf Stable Package","current price $3.97",https://www.walmart.com/ip/Maruchan-Ramen-Noodle-Chicken-Flavor-Soup-3-oz-12-Count-Shelf-Stable-Package/10450904?classType=VARIANT&athbdg=L1600&from=/search
2025-07-25T05:59:20.496Z,"Maruchan Ramen Noodle Soup Soy Sauce Flavor, 3.0 Oz, Pack of 12","current price $17.08",https://www.walmart.com/ip/Maruchan-Ramen-Noodle-Soup-Soy-Sauce-Flavor-3-0-Oz-Pack-of-12/317759802?classType=REGULAR&from=/search
2025-07-25T05:59:27.056Z,"Maruchan Instant Lunch Beef Flavor Ramen Noodles, 2.25 oz Shelf Stable Cup","current price Now $0.48",https://www.walmart.com/ip/Maruchan-Instant-Lunch-Beef-Flavor-Ramen-Noodles-2-25-oz-Shelf-Stable-Cup/10450894?classType=VARIANT&athbdg=L1600&from=/search
2025-07-25T06:29:38.514Z,"Maruchan Instant Lunch Chicken Flavor Ramen Noodles, 2.25 oz Shelf Stable Cup","current price $0.62",https://www.walmart.com/ip/Maruchan-Instant-Lunch-Chicken-Flavor-Ramen-Noodles-2-25-oz-Shelf-Stable-Cup/10450893?classType=VARIANT&athbdg=L1600&from=/search
2025-07-25T06:29:44.956Z,"Maruchan Ramen Noodle Soup Chicken Flavor, 3 oz Shelf Stable Package","current price $0.47",https://www.walmart.com/ip/Maruchan-Ramen-Noodle-Soup-Chicken-Flavor-3-oz-Shelf-Stable-Package/15754233?classType=VARIANT&athbdg=L1600&from=/search
2025-07-25T06:29:51.121Z,"Maruchan Ramen Noodle Beef Flavor Soup, 3 oz, 12 Count Shelf Stable Package","current price $3.97",https://www.walmart.com/ip/Maruchan-Ramen-Noodle-Beef-Flavor-Soup-3-oz-12-Count-Shelf-Stable-Package/15570903?classType=VARIANT&athbdg=L1600&from=/search
2025-07-25T06:29:57.129Z,"Maruchan Yakisoba Teriyaki Beef Flavor Noodles, 4 oz Shelf Stable Package","current price $1.28",https://www.walmart.com/ip/Maruchan-Yakisoba-Teriyaki-Beef-Flavor-Noodles-4-oz-Shelf-Stable-Package/10450909?classType=VARIANT&athbdg=L1600&from=/search
2025-07-25T06:30:03.350Z,"Maruchan Ramen Noodle Chicken Flavor Soup, 3 oz, 12 Count Shelf Stable Package","current price $3.97",https://www.walmart.com/ip/Maruchan-Ramen-Noodle-Chicken-Flavor-Soup-3-oz-12-Count-Shelf-Stable-Package/10450904?classType=VARIANT&athbdg=L1600&from=/search
2025-07-25T06:30:09.654Z,"Maruchan Ramen Noodle Soup Soy Sauce Flavor, 3.0 Oz, Pack of 12","current price $17.08",https://www.walmart.com/ip/Maruchan-Ramen-Noodle-Soup-Soy-Sauce-Flavor-3-0-Oz-Pack-of-12/317759802?classType=REGULAR&from=/search
2025-07-25T06:30:15.857Z,"Maruchan Instant Lunch Beef Flavor Ramen Noodles, 2.25 oz Shelf Stable Cup","current price $0.62",https://www.walmart.com/ip/Maruchan-Instant-Lunch-Beef-Flavor-Ramen-Noodles-2-25-oz-Shelf-Stable-Cup/10450894?classType=VARIANT&athbdg=L1600&from=/search
2025-07-25T06:30:21.975Z,"Maruchan Instant Lunch Hot & Spicy Chicken Flavor Ramen Noodles, 2.25 oz Shelf Stable Cup","current price $0.62",https://www.walmart.com/ip/Maruchan-Instant-Lunch-Hot-Spicy-Chicken-Flavor-Ramen-Noodles-2-25-oz-Shelf-Stable-Cup/10450899?classType=VARIANT&athbdg=L1600&from=/search
2025-07-25T08:16:24.473Z,"Maruchan Instant Lunch Chicken Flavor Ramen Noodles, 2.25 oz Shelf Stable Cup","current price $0.62",https://www.walmart.com/ip/Maruchan-Instant-Lunch-Chicken-Flavor-Ramen-Noodles-2-25-oz-Shelf-Stable-Cup/10450893?classType=VARIANT&athbdg=L1600&from=/search
2025-07-25T08:16:30.766Z,"Maruchan Ramen Noodle Soup Chicken Flavor, 3 oz Shelf Stable Package","current price $0.47",https://www.walmart.com/ip/Maruchan-Ramen-Noodle-Soup-Chicken-Flavor-3-oz-Shelf-Stable-Package/15754233?classType=VARIANT&athbdg=L1600&from=/search
2025-07-25T08:16:37.099Z,"Maruchan Ramen Noodle Beef Flavor Soup, 3 oz, 12 Count Shelf Stable Package","current price $3.97",https://www.walmart.com/ip/Maruchan-Ramen-Noodle-Beef-Flavor-Soup-3-oz-12-Count-Shelf-Stable-Package/15570903?classType=VARIANT&athbdg=L1600&from=/search
2025-07-25T08:16:43.190Z,"Maruchan Yakisoba Teriyaki Beef Flavor Noodles, 4 oz Shelf Stable Package","current price $1.28",https://www.walmart.com/ip/Maruchan-Yakisoba-Teriyaki-Beef-Flavor-Noodles-4-oz-Shelf-Stable-Package/10450909?classType=VARIANT&athbdg=L1600&from=/search
2025-07-25T08:16:49.388Z,"Maruchan Ramen Noodle Chicken Flavor Soup, 3 oz, 12 Count Shelf Stable Package","current price $3.97",https://www.walmart.com/ip/Maruchan-Ramen-Noodle-Chicken-Flavor-Soup-3-oz-12-Count-Shelf-Stable-Package/10450904?classType=VARIANT&athbdg=L1600&from=/search
2025-07-25T08:16:55.397Z,"Maruchan Ramen Noodle Soup Soy Sauce Flavor, 3.0 Oz, Pack of 12","current price $17.08",https://www.walmart.com/ip/Maruchan-Ramen-Noodle-Soup-Soy-Sauce-Flavor-3-0-Oz-Pack-of-12/317759802?classType=REGULAR&from=/search
2025-07-25T08:17:01.700Z,"Maruchan Instant Lunch Beef Flavor Ramen Noodles, 2.25 oz Shelf Stable Cup","current price $0.62",https://www.walmart.com/ip/Maruchan-Instant-Lunch-Beef-Flavor-Ramen-Noodles-2-25-oz-Shelf-Stable-Cup/10450894?classType=VARIANT&athbdg=L1600&from=/search
2025-07-25T10:13:29.013Z,"Maruchan Instant Lunch Chicken Flavor Ramen Noodles, 2.25 oz Shelf Stable Cup","current price $0.62",https://www.walmart.com/ip/Maruchan-Instant-Lunch-Chicken-Flavor-Ramen-Noodles-2-25-oz-Shelf-Stable-Cup/10450893?classType=VARIANT&athbdg=L1600&from=/search
2025-07-25T10:13:35.317Z,"Maruchan Ramen Noodle Soup Chicken Flavor, 3 oz Shelf Stable Package","current price $0.47",https://www.walmart.com/ip/Maruchan-Ramen-Noodle-Soup-Chicken-Flavor-3-oz-Shelf-Stable-Package/15754233?classType=VARIANT&athbdg=L1600&from=/search
2025-07-25T10:13:41.449Z,"Maruchan Ramen Noodle Beef Flavor Soup, 3 oz, 12 Count Shelf Stable Package","current price $3.97",https://www.walmart.com/ip/Maruchan-Ramen-Noodle-Beef-Flavor-Soup-3-oz-12-Count-Shelf-Stable-Package/15570903?classType=VARIANT&athbdg=L1600&from=/search
2025-07-25T10:13:47.523Z,"Maruchan Yakisoba Teriyaki Beef Flavor Noodles, 4 oz Shelf Stable Package","current price $1.28",https://www.walmart.com/ip/Maruchan-Yakisoba-Teriyaki-Beef-Flavor-Noodles-4-oz-Shelf-Stable-Package/10450909?classType=VARIANT&athbdg=L1600&from=/search
2025-07-25T10:13:53.787Z,"Maruchan Ramen Noodle Chicken Flavor Soup, 3 oz, 12 Count Shelf Stable Package","current price $3.97",https://www.walmart.com/ip/Maruchan-Ramen-Noodle-Chicken-Flavor-Soup-3-oz-12-Count-Shelf-Stable-Package/10450904?classType=VARIANT&athbdg=L1600&from=/search
2025-07-25T10:13:59.861Z,"Maruchan Ramen Noodle Soup Soy Sauce Flavor, 3.0 Oz, Pack of 12","current price $17.08",https://www.walmart.com/ip/Maruchan-Ramen-Noodle-Soup-Soy-Sauce-Flavor-3-0-Oz-Pack-of-12/317759802?classType=REGULAR&from=/search
2025-07-25T10:14:06.047Z,"Maruchan Instant Lunch Beef Flavor Ramen Noodles, 2.25 oz Shelf Stable Cup","current price $0.62",https://www.walmart.com/ip/Maruchan-Instant-Lunch-Beef-Flavor-Ramen-Noodles-2-25-oz-Shelf-Stable-Cup/10450894?classType=VARIANT&athbdg=L1600&from=/search
2025-07-25T12:22:53.576Z,"Maruchan Instant Lunch Chicken Flavor Ramen Noodles, 2.25 oz Shelf Stable Cup","current price $0.62",https://www.walmart.com/ip/Maruchan-Instant-Lunch-Chicken-Flavor-Ramen-Noodles-2-25-oz-Shelf-Stable-Cup/10450893?classType=VARIANT&athbdg=L1600&from=/search
2025-07-25T12:23:00.904Z,"Maruchan Ramen Noodle Soup Chicken Flavor, 3 oz Shelf Stable Package","current price $0.52",https://www.walmart.com/ip/Maruchan-Ramen-Noodle-Soup-Chicken-Flavor-3-oz-Shelf-Stable-Package/15754233?classType=VARIANT&athbdg=L1600&from=/search
2025-07-25T12:23:06.987Z,"Maruchan Ramen Noodle Beef Flavor Soup, 3 oz, 12 Count Shelf Stable Package","current price $4.00",https://www.walmart.com/ip/Maruchan-Ramen-Noodle-Beef-Flavor-Soup-3-oz-12-Count-Shelf-Stable-Package/15570903?classType=VARIANT&athbdg=L1600&from=/search
2025-07-25T12:23:13.036Z,"Maruchan Yakisoba Teriyaki Beef Flavor Noodles, 4 oz Shelf Stable Package","current price $1.28",https://www.walmart.com/ip/Maruchan-Yakisoba-Teriyaki-Beef-Flavor-Noodles-4-oz-Shelf-Stable-Package/10450909?classType=VARIANT&athbdg=L1600&from=/search
2025-07-25T12:23:19.396Z,"Maruchan Ramen Noodle Chicken Flavor Soup, 3 oz, 12 Count Shelf Stable Package","current price $3.97",https://www.walmart.com/ip/Maruchan-Ramen-Noodle-Chicken-Flavor-Soup-3-oz-12-Count-Shelf-Stable-Package/10450904?classType=VARIANT&athbdg=L1600&from=/search
2025-07-25T12:23:25.438Z,"Maruchan Ramen Noodle Soup Soy Sauce Flavor, 3.0 Oz, Pack of 12","current price $17.08",https://www.walmart.com/ip/Maruchan-Ramen-Noodle-Soup-Soy-Sauce-Flavor-3-0-Oz-Pack-of-12/317759802?classType=REGULAR&from=/search
2025-07-25T12:23:31.679Z,"Maruchan Instant Lunch Beef Flavor Ramen Noodles, 2.25 oz Shelf Stable Cup","current price Now $0.48",https://www.walmart.com/ip/Maruchan-Instant-Lunch-Beef-Flavor-Ramen-Noodles-2-25-oz-Shelf-Stable-Cup/10450894?classType=VARIANT&athbdg=L1600&from=/search
2025-07-25T14:12:22.808Z,"Maruchan Instant Lunch Chicken Flavor Ramen Noodles, 2.25 oz Shelf Stable Cup","current price $0.62",https://www.walmart.com/ip/Maruchan-Instant-Lunch-Chicken-Flavor-Ramen-Noodles-2-25-oz-Shelf-Stable-Cup/10450893?classType=VARIANT&athbdg=L1600&from=/search
2025-07-25T14:12:29.313Z,"Maruchan Ramen Noodle Soup Chicken Flavor, 3 oz Shelf Stable Package","current price $0.52",https://www.walmart.com/ip/Maruchan-Ramen-Noodle-Soup-Chicken-Flavor-3-oz-Shelf-Stable-Package/15754233?classType=VARIANT&athbdg=L1600&from=/search
2025-07-25T14:12:35.482Z,"Maruchan Ramen Noodle Beef Flavor Soup, 3 oz, 12 Count Shelf Stable Package","current price $3.97",https://www.walmart.com/ip/Maruchan-Ramen-Noodle-Beef-Flavor-Soup-3-oz-12-Count-Shelf-Stable-Package/15570903?classType=VARIANT&athbdg=L1600&from=/search
2025-07-25T14:12:41.795Z,"Maruchan Yakisoba Teriyaki Beef Flavor Noodles, 4 oz Shelf Stable Package","current price $1.12",https://www.walmart.com/ip/Maruchan-Yakisoba-Teriyaki-Beef-Flavor-Noodles-4-oz-Shelf-Stable-Package/10450909?classType=VARIANT&athbdg=L1600&from=/search
2025-07-25T14:12:48.301Z,"Maruchan Ramen Noodle Chicken Flavor Soup, 3 oz, 12 Count Shelf Stable Package","current price $3.97",https://www.walmart.com/ip/Maruchan-Ramen-Noodle-Chicken-Flavor-Soup-3-oz-12-Count-Shelf-Stable-Package/10450904?classType=VARIANT&athbdg=L1600&from=/search
2025-07-25T14:12:54.784Z,"Maruchan Ramen Noodle Soup Soy Sauce Flavor, 3.0 Oz, Pack of 12","current price $17.08",https://www.walmart.com/ip/Maruchan-Ramen-Noodle-Soup-Soy-Sauce-Flavor-3-0-Oz-Pack-of-12/317759802?classType=REGULAR&from=/search
2025-07-25T14:13:01.580Z,"Maruchan Instant Lunch Beef Flavor Ramen Noodles, 2.25 oz Shelf Stable Cup","current price $0.62",https://www.walmart.com/ip/Maruchan-Instant-Lunch-Beef-Flavor-Ramen-Noodles-2-25-oz-Shelf-Stable-Cup/10450894?classType=VARIANT&athbdg=L1600&from=/search
2025-07-25T16:15:00.615Z,"Maruchan Instant Lunch Chicken Flavor Ramen Noodles, 2.25 oz Shelf Stable Cup","current price $0.62",https://www.walmart.com/ip/Maruchan-Instant-Lunch-Chicken-Flavor-Ramen-Noodles-2-25-oz-Shelf-Stable-Cup/10450893?classType=VARIANT&athbdg=L1600&from=/search
2025-07-25T16:15:08.031Z,"Maruchan Ramen Noodle Soup Chicken Flavor, 3 oz Shelf Stable Package","current price $0.47",https://www.walmart.com/ip/Maruchan-Ramen-Noodle-Soup-Chicken-Flavor-3-oz-Shelf-Stable-Package/15754233?classType=VARIANT&athbdg=L1600&from=/search
2025-07-25T16:15:14.506Z,"Maruchan Ramen Noodle Beef Flavor Soup, 3 oz, 12 Count Shelf Stable Package","current price $3.97",https://www.walmart.com/ip/Maruchan-Ramen-Noodle-Beef-Flavor-Soup-3-oz-12-Count-Shelf-Stable-Package/15570903?classType=VARIANT&athbdg=L1600&from=/search
2025-07-25T16:15:20.779Z,"Maruchan Yakisoba Teriyaki Beef Flavor Noodles, 4 oz Shelf Stable Package","current price $1.28",https://www.walmart.com/ip/Maruchan-Yakisoba-Teriyaki-Beef-Flavor-Noodles-4-oz-Shelf-Stable-Package/10450909?classType=VARIANT&athbdg=L1600&from=/search
2025-07-25T16:15:27.393Z,"Maruchan Ramen Noodle Chicken Flavor Soup, 3 oz, 12 Count Shelf Stable Package","current price $3.97",https://www.walmart.com/ip/Maruchan-Ramen-Noodle-Chicken-Flavor-Soup-3-oz-12-Count-Shelf-Stable-Package/10450904?classType=VARIANT&athbdg=L1600&from=/search
2025-07-25T16:15:33.799Z,"Maruchan Ramen Noodle Soup Soy Sauce Flavor, 3.0 Oz, Pack of 12","current price $17.08",https://www.walmart.com/ip/Maruchan-Ramen-Noodle-Soup-Soy-Sauce-Flavor-3-0-Oz-Pack-of-12/317759802?classType=REGULAR&from=/search
2025-07-25T16:15:40.095Z,"Maruchan Instant Lunch Beef Flavor Ramen Noodles, 2.25 oz Shelf Stable Cup","current price $0.62",https://www.walmart.com/ip/Maruchan-Instant-Lunch-Beef-Flavor-Ramen-Noodles-2-25-oz-Shelf-Stable-Cup/10450894?classType=VARIANT&athbdg=L1600&from=/search
2025-07-25T18:17:01.048Z,"Maruchan Instant Lunch Chicken Flavor Ramen Noodles, 2.25 oz Shelf Stable Cup","current price $0.62",https://www.walmart.com/ip/Maruchan-Instant-Lunch-Chicken-Flavor-Ramen-Noodles-2-25-oz-Shelf-Stable-Cup/10450893?classType=VARIANT&athbdg=L1600&from=/search
2025-07-25T18:17:08.369Z,"Maruchan Ramen Noodle Soup Chicken Flavor, 3 oz Shelf Stable Package","current price $0.52",https://www.walmart.com/ip/Maruchan-Ramen-Noodle-Soup-Chicken-Flavor-3-oz-Shelf-Stable-Package/15754233?classType=VARIANT&athbdg=L1600&from=/search
2025-07-25T18:17:14.700Z,"Maruchan Ramen Noodle Beef Flavor Soup, 3 oz, 12 Count Shelf Stable Package","current price $3.97",https://www.walmart.com/ip/Maruchan-Ramen-Noodle-Beef-Flavor-Soup-3-oz-12-Count-Shelf-Stable-Package/15570903?classType=VARIANT&athbdg=L1600&from=/search
2025-07-25T18:17:21.385Z,"Maruchan Yakisoba Teriyaki Beef Flavor Noodles, 4 oz Shelf Stable Package","current price $1.12",https://www.walmart.com/ip/Maruchan-Yakisoba-Teriyaki-Beef-Flavor-Noodles-4-oz-Shelf-Stable-Package/10450909?classType=VARIANT&athbdg=L1600&from=/search
2025-07-25T18:17:28.077Z,"Maruchan Ramen Noodle Chicken Flavor Soup, 3 oz, 12 Count Shelf Stable Package","current price $3.97",https://www.walmart.com/ip/Maruchan-Ramen-Noodle-Chicken-Flavor-Soup-3-oz-12-Count-Shelf-Stable-Package/10450904?classType=VARIANT&athbdg=L1600&from=/search
2025-07-25T18:17:34.290Z,"Maruchan Ramen Noodle Soup Soy Sauce Flavor, 3.0 Oz, Pack of 12","current price $17.08",https://www.walmart.com/ip/Maruchan-Ramen-Noodle-Soup-Soy-Sauce-Flavor-3-0-Oz-Pack-of-12/317759802?classType=REGULAR&from=/search
2025-07-25T18:17:40.586Z,"Maruchan Instant Lunch Beef Flavor Ramen Noodles, 2.25 oz Shelf Stable Cup","current price $0.62",https://www.walmart.com/ip/Maruchan-Instant-Lunch-Beef-Flavor-Ramen-Noodles-2-25-oz-Shelf-Stable-Cup/10450894?classType=VARIANT&athbdg=L1600&from=/search
2025-07-25T20:12:59.406Z,"Maruchan Instant Lunch Chicken Flavor Ramen Noodles, 2.25 oz Shelf Stable Cup","current price $0.62",https://www.walmart.com/ip/Maruchan-Instant-Lunch-Chicken-Flavor-Ramen-Noodles-2-25-oz-Shelf-Stable-Cup/10450893?classType=VARIANT&athbdg=L1600&from=/search
2025-07-25T20:13:05.983Z,"Maruchan Ramen Noodle Soup Chicken Flavor, 3 oz Shelf Stable Package","current price $0.47",https://www.walmart.com/ip/Maruchan-Ramen-Noodle-Soup-Chicken-Flavor-3-oz-Shelf-Stable-Package/15754233?classType=VARIANT&athbdg=L1600&from=/search
2025-07-25T20:13:12.220Z,"Maruchan Ramen Noodle Beef Flavor Soup, 3 oz, 12 Count Shelf Stable Package","current price $3.97",https://www.walmart.com/ip/Maruchan-Ramen-Noodle-Beef-Flavor-Soup-3-oz-12-Count-Shelf-Stable-Package/15570903?classType=VARIANT&athbdg=L1600&from=/search
2025-07-25T20:13:18.705Z,"Maruchan Yakisoba Teriyaki Beef Flavor Noodles, 4 oz Shelf Stable Package","current price $1.28",https://www.walmart.com/ip/Maruchan-Yakisoba-Teriyaki-Beef-Flavor-Noodles-4-oz-Shelf-Stable-Package/10450909?classType=VARIANT&athbdg=L1600&from=/search
2025-07-25T20:13:25.501Z,"Maruchan Ramen Noodle Chicken Flavor Soup, 3 oz, 12 Count Shelf Stable Package","current price $3.97",https://www.walmart.com/ip/Maruchan-Ramen-Noodle-Chicken-Flavor-Soup-3-oz-12-Count-Shelf-Stable-Package/10450904?classType=VARIANT&athbdg=L1600&from=/search
2025-07-25T20:13:31.532Z,"Maruchan Ramen Noodle Soup Soy Sauce Flavor, 3.0 Oz, Pack of 12","current price $17.08",https://www.walmart.com/ip/Maruchan-Ramen-Noodle-Soup-Soy-Sauce-Flavor-3-0-Oz-Pack-of-12/317759802?classType=REGULAR&from=/search
2025-07-25T20:13:37.718Z,"Maruchan Instant Lunch Beef Flavor Ramen Noodles, 2.25 oz Shelf Stable Cup","current price $0.62",https://www.walmart.com/ip/Maruchan-Instant-Lunch-Beef-Flavor-Ramen-Noodles-2-25-oz-Shelf-Stable-Cup/10450894?classType=VARIANT&athbdg=L1600&from=/search
2025-07-25T22:11:35.119Z,"Maruchan Instant Lunch Chicken Flavor Ramen Noodles, 2.25 oz Shelf Stable Cup","current price $0.62",https://www.walmart.com/ip/Maruchan-Instant-Lunch-Chicken-Flavor-Ramen-Noodles-2-25-oz-Shelf-Stable-Cup/10450893?classType=VARIANT&athbdg=L1600&from=/search
2025-07-25T22:11:42.039Z,"Maruchan Ramen Noodle Soup Chicken Flavor, 3 oz Shelf Stable Package","current price $0.52",https://www.walmart.com/ip/Maruchan-Ramen-Noodle-Soup-Chicken-Flavor-3-oz-Shelf-Stable-Package/15754233?classType=VARIANT&athbdg=L1600&from=/search
2025-07-25T22:11:48.380Z,"Maruchan Ramen Noodle Beef Flavor Soup, 3 oz, 12 Count Shelf Stable Package","current price $4.00",https://www.walmart.com/ip/Maruchan-Ramen-Noodle-Beef-Flavor-Soup-3-oz-12-Count-Shelf-Stable-Package/15570903?classType=VARIANT&athbdg=L1600&from=/search
2025-07-25T22:11:54.764Z,"Maruchan Yakisoba Teriyaki Beef Flavor Noodles, 4 oz Shelf Stable Package","current price $1.28",https://www.walmart.com/ip/Maruchan-Yakisoba-Teriyaki-Beef-Flavor-Noodles-4-oz-Shelf-Stable-Package/10450909?classType=VARIANT&athbdg=L1600&from=/search
2025-07-25T22:12:01.059Z,"Maruchan Ramen Noodle Chicken Flavor Soup, 3 oz, 12 Count Shelf Stable Package","current price $3.97",https://www.walmart.com/ip/Maruchan-Ramen-Noodle-Chicken-Flavor-Soup-3-oz-12-Count-Shelf-Stable-Package/10450904?classType=VARIANT&athbdg=L1600&from=/search
2025-07-25T22:12:07.104Z,"Maruchan Ramen Noodle Soup Soy Sauce Flavor, 3.0 Oz, Pack of 12","current price $17.08",https://www.walmart.com/ip/Maruchan-Ramen-Noodle-Soup-Soy-Sauce-Flavor-3-0-Oz-Pack-of-12/317759802?classType=REGULAR&from=/search
2025-07-25T22:12:13.369Z,"Maruchan Instant Lunch Beef Flavor Ramen Noodles, 2.25 oz Shelf Stable Cup","current price Now $0.48",https://www.walmart.com/ip/Maruchan-Instant-Lunch-Beef-Flavor-Ramen-Noodles-2-25-oz-Shelf-Stable-Cup/10450894?classType=VARIANT&athbdg=L1600&from=/search
2025-07-26T00:57:56.489Z,"Maruchan Instant Lunch Chicken Flavor Ramen Noodles, 2.25 oz Shelf Stable Cup","current price $0.62",https://www.walmart.com/ip/Maruchan-Instant-Lunch-Chicken-Flavor-Ramen-Noodles-2-25-oz-Shelf-Stable-Cup/10450893?classType=VARIANT&athbdg=L1600&from=/search
2025-07-26T00:58:03.936Z,"Maruchan Ramen Noodle Soup Chicken Flavor, 3 oz Shelf Stable Package","current price $0.52",https://www.walmart.com/ip/Maruchan-Ramen-Noodle-Soup-Chicken-Flavor-3-oz-Shelf-Stable-Package/15754233?classType=VARIANT&athbdg=L1600&from=/search
2025-07-26T00:58:10.659Z,"Maruchan Ramen Noodle Beef Flavor Soup, 3 oz, 12 Count Shelf Stable Package","current price $4.00",https://www.walmart.com/ip/Maruchan-Ramen-Noodle-Beef-Flavor-Soup-3-oz-12-Count-Shelf-Stable-Package/15570903?classType=VARIANT&athbdg=L1600&from=/search
2025-07-26T00:58:17.223Z,"Maruchan Yakisoba Teriyaki Beef Flavor Noodles, 4 oz Shelf Stable Package","current price $1.28",https://www.walmart.com/ip/Maruchan-Yakisoba-Teriyaki-Beef-Flavor-Noodles-4-oz-Shelf-Stable-Package/10450909?classType=VARIANT&athbdg=L1600&from=/search
2025-07-26T00:58:23.549Z,"Maruchan Ramen Noodle Chicken Flavor Soup, 3 oz, 12 Count Shelf Stable Package","current price $3.97",https://www.walmart.com/ip/Maruchan-Ramen-Noodle-Chicken-Flavor-Soup-3-oz-12-Count-Shelf-Stable-Package/10450904?classType=VARIANT&athbdg=L1600&from=/search
2025-07-26T00:58:29.679Z,"Maruchan Ramen Noodle Soup Soy Sauce Flavor, 3.0 Oz, Pack of 12","current price $17.08",https://www.walmart.com/ip/Maruchan-Ramen-Noodle-Soup-Soy-Sauce-Flavor-3-0-Oz-Pack-of-12/317759802?classType=REGULAR&from=/search
2025-07-26T00:58:35.922Z,"Maruchan Instant Lunch Beef Flavor Ramen Noodles, 2.25 oz Shelf Stable Cup","current price Now $0.48",https://www.walmart.com/ip/Maruchan-Instant-Lunch-Beef-Flavor-Ramen-Noodles-2-25-oz-Shelf-Stable-Cup/10450894?classType=VARIANT&athbdg=L1600&from=/search
2025-07-26T03:20:32.437Z,"Maruchan Instant Lunch Chicken Flavor Ramen Noodles, 2.25 oz Shelf Stable Cup","current price $0.62",https://www.walmart.com/ip/Maruchan-Instant-Lunch-Chicken-Flavor-Ramen-Noodles-2-25-oz-Shelf-Stable-Cup/10450893?classType=VARIANT&athbdg=L1600&from=/search
2025-07-26T03:20:38.963Z,"Maruchan Ramen Noodle Soup Chicken Flavor, 3 oz Shelf Stable Package","current price $0.47",https://www.walmart.com/ip/Maruchan-Ramen-Noodle-Soup-Chicken-Flavor-3-oz-Shelf-Stable-Package/15754233?classType=VARIANT&athbdg=L1600&from=/search
2025-07-26T03:20:45.256Z,"Maruchan Ramen Noodle Beef Flavor Soup, 3 oz, 12 Count Shelf Stable Package","current price $3.97",https://www.walmart.com/ip/Maruchan-Ramen-Noodle-Beef-Flavor-Soup-3-oz-12-Count-Shelf-Stable-Package/15570903?classType=VARIANT&athbdg=L1600&from=/search
2025-07-26T03:20:51.229Z,"Maruchan Yakisoba Teriyaki Beef Flavor Noodles, 4 oz Shelf Stable Package","current price $1.28",https://www.walmart.com/ip/Maruchan-Yakisoba-Teriyaki-Beef-Flavor-Noodles-4-oz-Shelf-Stable-Package/10450909?classType=VARIANT&athbdg=L1600&from=/search
2025-07-26T03:20:57.203Z,"Maruchan Ramen Noodle Chicken Flavor Soup, 3 oz, 12 Count Shelf Stable Package","current price $3.97",https://www.walmart.com/ip/Maruchan-Ramen-Noodle-Chicken-Flavor-Soup-3-oz-12-Count-Shelf-Stable-Package/10450904?classType=VARIANT&athbdg=L1600&from=/search
2025-07-26T03:21:03.229Z,"Maruchan Ramen Noodle Soup Soy Sauce Flavor, 3.0 Oz, Pack of 12","current price $17.08",https://www.walmart.com/ip/Maruchan-Ramen-Noodle-Soup-Soy-Sauce-Flavor-3-0-Oz-Pack-of-12/317759802?classType=REGULAR&from=/search
2025-07-26T03:21:09.609Z,"Maruchan Instant Lunch Beef Flavor Ramen Noodles, 2.25 oz Shelf Stable Cup","current price $0.62",https://www.walmart.com/ip/Maruchan-Instant-Lunch-Beef-Flavor-Ramen-Noodles-2-25-oz-Shelf-Stable-Cup/10450894?classType=VARIANT&athbdg=L1600&from=/search
2025-07-26T04:29:11.980Z,"Maruchan Instant Lunch Chicken Flavor Ramen Noodles, 2.25 oz Shelf Stable Cup","current price $0.62",https://www.walmart.com/ip/Maruchan-Instant-Lunch-Chicken-Flavor-Ramen-Noodles-2-25-oz-Shelf-Stable-Cup/10450893?classType=VARIANT&athbdg=L1600&from=/search
2025-07-26T04:29:18.373Z,"Maruchan Ramen Noodle Soup Chicken Flavor, 3 oz Shelf Stable Package","current price $0.47",https://www.walmart.com/ip/Maruchan-Ramen-Noodle-Soup-Chicken-Flavor-3-oz-Shelf-Stable-Package/15754233?classType=VARIANT&athbdg=L1600&from=/search
2025-07-26T04:29:24.565Z,"Maruchan Ramen Noodle Beef Flavor Soup, 3 oz, 12 Count Shelf Stable Package","current price $3.97",https://www.walmart.com/ip/Maruchan-Ramen-Noodle-Beef-Flavor-Soup-3-oz-12-Count-Shelf-Stable-Package/15570903?classType=VARIANT&athbdg=L1600&from=/search
2025-07-26T04:29:30.626Z,"Maruchan Yakisoba Teriyaki Beef Flavor Noodles, 4 oz Shelf Stable Package","current price $1.28",https://www.walmart.com/ip/Maruchan-Yakisoba-Teriyaki-Beef-Flavor-Noodles-4-oz-Shelf-Stable-Package/10450909?classType=VARIANT&athbdg=L1600&from=/search
2025-07-26T04:29:36.717Z,"Maruchan Ramen Noodle Chicken Flavor Soup, 3 oz, 12 Count Shelf Stable Package","current price $3.97",https://www.walmart.com/ip/Maruchan-Ramen-Noodle-Chicken-Flavor-Soup-3-oz-12-Count-Shelf-Stable-Package/10450904?classType=VARIANT&athbdg=L1600&from=/search
2025-07-26T04:29:42.816Z,"Maruchan Ramen Noodle Soup Soy Sauce Flavor, 3.0 Oz, Pack of 12","current price $17.08",https://www.walmart.com/ip/Maruchan-Ramen-Noodle-Soup-Soy-Sauce-Flavor-3-0-Oz-Pack-of-12/317759802?classType=REGULAR&from=/search
2025-07-26T04:29:48.803Z,"Maruchan Instant Lunch Beef Flavor Ramen Noodles, 2.25 oz Shelf Stable Cup","current price $0.62",https://www.walmart.com/ip/Maruchan-Instant-Lunch-Beef-Flavor-Ramen-Noodles-2-25-oz-Shelf-Stable-Cup/10450894?classType=VARIANT&athbdg=L1600&from=/search
2025-07-26T06:16:23.256Z,"Maruchan Instant Lunch Chicken Flavor Ramen Noodles, 2.25 oz Shelf Stable Cup","current price $0.62",https://www.walmart.com/ip/Maruchan-Instant-Lunch-Chicken-Flavor-Ramen-Noodles-2-25-oz-Shelf-Stable-Cup/10450893?classType=VARIANT&athbdg=L1600&from=/search
2025-07-26T06:16:29.628Z,"Maruchan Ramen Noodle Soup Chicken Flavor, 3 oz Shelf Stable Package","current price $0.52",https://www.walmart.com/ip/Maruchan-Ramen-Noodle-Soup-Chicken-Flavor-3-oz-Shelf-Stable-Package/15754233?classType=VARIANT&athbdg=L1600&from=/search
2025-07-26T06:16:36.201Z,"Maruchan Ramen Noodle Beef Flavor Soup, 3 oz, 12 Count Shelf Stable Package","current price $3.97",https://www.walmart.com/ip/Maruchan-Ramen-Noodle-Beef-Flavor-Soup-3-oz-12-Count-Shelf-Stable-Package/15570903?classType=VARIANT&athbdg=L1600&from=/search
2025-07-26T06:16:42.197Z,"Maruchan Yakisoba Teriyaki Beef Flavor Noodles, 4 oz Shelf Stable Package","current price $1.12",https://www.walmart.com/ip/Maruchan-Yakisoba-Teriyaki-Beef-Flavor-Noodles-4-oz-Shelf-Stable-Package/10450909?classType=VARIANT&athbdg=L1600&from=/search
2025-07-26T06:16:48.384Z,"Maruchan Ramen Noodle Chicken Flavor Soup, 3 oz, 12 Count Shelf Stable Package","current price $3.97",https://www.walmart.com/ip/Maruchan-Ramen-Noodle-Chicken-Flavor-Soup-3-oz-12-Count-Shelf-Stable-Package/10450904?classType=VARIANT&athbdg=L1600&from=/search
2025-07-26T06:16:54.751Z,"Maruchan Ramen Noodle Soup Soy Sauce Flavor, 3.0 Oz, Pack of 12","current price $17.08",https://www.walmart.com/ip/Maruchan-Ramen-Noodle-Soup-Soy-Sauce-Flavor-3-0-Oz-Pack-of-12/317759802?classType=REGULAR&from=/search
2025-07-26T06:17:00.894Z,"Maruchan Instant Lunch Beef Flavor Ramen Noodles, 2.25 oz Shelf Stable Cup","current price $0.62",https://www.walmart.com/ip/Maruchan-Instant-Lunch-Beef-Flavor-Ramen-Noodles-2-25-oz-Shelf-Stable-Cup/10450894?classType=VARIANT&athbdg=L1600&from=/search
2025-07-26T08:14:33.730Z,"Maruchan Instant Lunch Chicken Flavor Ramen Noodles, 2.25 oz Shelf Stable Cup","current price $0.62",https://www.walmart.com/ip/Maruchan-Instant-Lunch-Chicken-Flavor-Ramen-Noodles-2-25-oz-Shelf-Stable-Cup/10450893?classType=VARIANT&athbdg=L1600&from=/search
2025-07-26T08:14:40.261Z,"Maruchan Ramen Noodle Soup Chicken Flavor, 3 oz Shelf Stable Package","current price $0.52",https://www.walmart.com/ip/Maruchan-Ramen-Noodle-Soup-Chicken-Flavor-3-oz-Shelf-Stable-Package/15754233?classType=VARIANT&athbdg=L1600&from=/search
2025-07-26T08:14:46.444Z,"Maruchan Ramen Noodle Beef Flavor Soup, 3 oz, 12 Count Shelf Stable Package","current price $3.97",https://www.walmart.com/ip/Maruchan-Ramen-Noodle-Beef-Flavor-Soup-3-oz-12-Count-Shelf-Stable-Package/15570903?classType=VARIANT&athbdg=L1600&from=/search
2025-07-26T08:14:52.588Z,"Maruchan Yakisoba Teriyaki Beef Flavor Noodles, 4 oz Shelf Stable Package","current price $1.12",https://www.walmart.com/ip/Maruchan-Yakisoba-Teriyaki-Beef-Flavor-Noodles-4-oz-Shelf-Stable-Package/10450909?classType=VARIANT&athbdg=L1600&from=/search
2025-07-26T08:14:59.672Z,"Maruchan Ramen Noodle Chicken Flavor Soup, 3 oz, 12 Count Shelf Stable Package","current price $3.97",https://www.walmart.com/ip/Maruchan-Ramen-Noodle-Chicken-Flavor-Soup-3-oz-12-Count-Shelf-Stable-Package/10450904?classType=VARIANT&athbdg=L1600&from=/search
2025-07-26T08:15:05.705Z,"Maruchan Ramen Noodle Soup Soy Sauce Flavor, 3.0 Oz, Pack of 12","current price $17.08",https://www.walmart.com/ip/Maruchan-Ramen-Noodle-Soup-Soy-Sauce-Flavor-3-0-Oz-Pack-of-12/317759802?classType=REGULAR&from=/search
2025-07-26T08:15:11.969Z,"Maruchan Instant Lunch Beef Flavor Ramen Noodles, 2.25 oz Shelf Stable Cup","current price $0.62",https://www.walmart.com/ip/Maruchan-Instant-Lunch-Beef-Flavor-Ramen-Noodles-2-25-oz-Shelf-Stable-Cup/10450894?classType=VARIANT&athbdg=L1600&from=/search
2025-07-26T10:12:04.654Z,"Maruchan Instant Lunch Chicken Flavor Ramen Noodles, 2.25 oz Shelf Stable Cup","current price $0.62",https://www.walmart.com/ip/Maruchan-Instant-Lunch-Chicken-Flavor-Ramen-Noodles-2-25-oz-Shelf-Stable-Cup/10450893?classType=VARIANT&athbdg=L1600&from=/search
2025-07-26T10:12:11.018Z,"Maruchan Ramen Noodle Soup Chicken Flavor, 3 oz Shelf Stable Package","current price $0.52",https://www.walmart.com/ip/Maruchan-Ramen-Noodle-Soup-Chicken-Flavor-3-oz-Shelf-Stable-Package/15754233?classType=VARIANT&athbdg=L1600&from=/search
2025-07-26T10:12:17.703Z,"Maruchan Ramen Noodle Beef Flavor Soup, 3 oz, 12 Count Shelf Stable Package","current price $4.00",https://www.walmart.com/ip/Maruchan-Ramen-Noodle-Beef-Flavor-Soup-3-oz-12-Count-Shelf-Stable-Package/15570903?classType=VARIANT&athbdg=L1600&from=/search
2025-07-26T10:12:24.307Z,"Maruchan Yakisoba Teriyaki Beef Flavor Noodles, 4 oz Shelf Stable Package","current price $1.28",https://www.walmart.com/ip/Maruchan-Yakisoba-Teriyaki-Beef-Flavor-Noodles-4-oz-Shelf-Stable-Package/10450909?classType=VARIANT&athbdg=L1600&from=/search
2025-07-26T10:12:30.984Z,"Maruchan Ramen Noodle Chicken Flavor Soup, 3 oz, 12 Count Shelf Stable Package","current price $3.97",https://www.walmart.com/ip/Maruchan-Ramen-Noodle-Chicken-Flavor-Soup-3-oz-12-Count-Shelf-Stable-Package/10450904?classType=VARIANT&athbdg=L1600&from=/search
2025-07-26T10:12:37.931Z,"Maruchan Ramen Noodle Soup Soy Sauce Flavor, 3.0 Oz, Pack of 12","current price $17.08",https://www.walmart.com/ip/Maruchan-Ramen-Noodle-Soup-Soy-Sauce-Flavor-3-0-Oz-Pack-of-12/317759802?classType=REGULAR&from=/search
2025-07-26T10:12:44.251Z,"Maruchan Instant Lunch Beef Flavor Ramen Noodles, 2.25 oz Shelf Stable Cup","current price Now $0.48",https://www.walmart.com/ip/Maruchan-Instant-Lunch-Beef-Flavor-Ramen-Noodles-2-25-oz-Shelf-Stable-Cup/10450894?classType=VARIANT&athbdg=L1600&from=/search
2025-07-26T12:20:47.747Z,"Maruchan Instant Lunch Chicken Flavor Ramen Noodles, 2.25 oz Shelf Stable Cup","current price $0.62",https://www.walmart.com/ip/Maruchan-Instant-Lunch-Chicken-Flavor-Ramen-Noodles-2-25-oz-Shelf-Stable-Cup/10450893?classType=VARIANT&athbdg=L1600&from=/search
2025-07-26T12:20:55.412Z,"Maruchan Ramen Noodle Soup Chicken Flavor, 3 oz Shelf Stable Package","current price $0.52",https://www.walmart.com/ip/Maruchan-Ramen-Noodle-Soup-Chicken-Flavor-3-oz-Shelf-Stable-Package/15754233?classType=VARIANT&athbdg=L1600&from=/search
2025-07-26T12:21:02.228Z,"Maruchan Ramen Noodle Beef Flavor Soup, 3 oz, 12 Count Shelf Stable Package","current price $3.97",https://www.walmart.com/ip/Maruchan-Ramen-Noodle-Beef-Flavor-Soup-3-oz-12-Count-Shelf-Stable-Package/15570903?classType=VARIANT&athbdg=L1600&from=/search
2025-07-26T12:21:08.458Z,"Maruchan Yakisoba Teriyaki Beef Flavor Noodles, 4 oz Shelf Stable Package","current price $1.12",https://www.walmart.com/ip/Maruchan-Yakisoba-Teriyaki-Beef-Flavor-Noodles-4-oz-Shelf-Stable-Package/10450909?classType=VARIANT&athbdg=L1600&from=/search
2025-07-26T12:21:14.779Z,"Maruchan Ramen Noodle Chicken Flavor Soup, 3 oz, 12 Count Shelf Stable Package","current price $3.97",https://www.walmart.com/ip/Maruchan-Ramen-Noodle-Chicken-Flavor-Soup-3-oz-12-Count-Shelf-Stable-Package/10450904?classType=VARIANT&athbdg=L1600&from=/search
2025-07-26T12:21:21.161Z,"Maruchan Ramen Noodle Soup Soy Sauce Flavor, 3.0 Oz, Pack of 12","current price $17.08",https://www.walmart.com/ip/Maruchan-Ramen-Noodle-Soup-Soy-Sauce-Flavor-3-0-Oz-Pack-of-12/317759802?classType=REGULAR&from=/search
2025-07-26T12:21:27.736Z,"Maruchan Instant Lunch Beef Flavor Ramen Noodles, 2.25 oz Shelf Stable Cup","current price $0.62",https://www.walmart.com/ip/Maruchan-Instant-Lunch-Beef-Flavor-Ramen-Noodles-2-25-oz-Shelf-Stable-Cup/10450894?classType=VARIANT&athbdg=L1600&from=/search
2025-07-26T14:10:47.895Z,"Maruchan Instant Lunch Chicken Flavor Ramen Noodles, 2.25 oz Shelf Stable Cup","current price $0.62",https://www.walmart.com/ip/Maruchan-Instant-Lunch-Chicken-Flavor-Ramen-Noodles-2-25-oz-Shelf-Stable-Cup/10450893?classType=VARIANT&athbdg=L1600&from=/search
2025-07-26T14:10:54.766Z,"Maruchan Ramen Noodle Soup Chicken Flavor, 3 oz Shelf Stable Package","current price $0.52",https://www.walmart.com/ip/Maruchan-Ramen-Noodle-Soup-Chicken-Flavor-3-oz-Shelf-Stable-Package/15754233?classType=VARIANT&athbdg=L1600&from=/search
2025-07-26T14:11:02.060Z,"Maruchan Ramen Noodle Beef Flavor Soup, 3 oz, 12 Count Shelf Stable Package","current price $4.00",https://www.walmart.com/ip/Maruchan-Ramen-Noodle-Beef-Flavor-Soup-3-oz-12-Count-Shelf-Stable-Package/15570903?classType=VARIANT&athbdg=L1600&from=/search
2025-07-26T14:11:08.236Z,"Maruchan Yakisoba Teriyaki Beef Flavor Noodles, 4 oz Shelf Stable Package","current price $1.28",https://www.walmart.com/ip/Maruchan-Yakisoba-Teriyaki-Beef-Flavor-Noodles-4-oz-Shelf-Stable-Package/10450909?classType=VARIANT&athbdg=L1600&from=/search
2025-07-26T14:11:14.532Z,"Maruchan Ramen Noodle Chicken Flavor Soup, 3 oz, 12 Count Shelf Stable Package","current price $3.97",https://www.walmart.com/ip/Maruchan-Ramen-Noodle-Chicken-Flavor-Soup-3-oz-12-Count-Shelf-Stable-Package/10450904?classType=VARIANT&athbdg=L1600&from=/search
2025-07-26T14:11:20.732Z,"Maruchan Ramen Noodle Soup Soy Sauce Flavor, 3.0 Oz, Pack of 12","current price $17.08",https://www.walmart.com/ip/Maruchan-Ramen-Noodle-Soup-Soy-Sauce-Flavor-3-0-Oz-Pack-of-12/317759802?classType=REGULAR&from=/search
2025-07-26T14:11:26.811Z,"Maruchan Instant Lunch Beef Flavor Ramen Noodles, 2.25 oz Shelf Stable Cup","current price Now $0.48",https://www.walmart.com/ip/Maruchan-Instant-Lunch-Beef-Flavor-Ramen-Noodles-2-25-oz-Shelf-Stable-Cup/10450894?classType=VARIANT&athbdg=L1600&from=/search
2025-07-26T16:13:19.812Z,"Maruchan Instant Lunch Chicken Flavor Ramen Noodles, 2.25 oz Shelf Stable Cup","current price $0.62",https://www.walmart.com/ip/Maruchan-Instant-Lunch-Chicken-Flavor-Ramen-Noodles-2-25-oz-Shelf-Stable-Cup/10450893?classType=VARIANT&athbdg=L1600&from=/search
2025-07-26T16:13:27.131Z,"Maruchan Ramen Noodle Soup Chicken Flavor, 3 oz Shelf Stable Package","current price $0.47",https://www.walmart.com/ip/Maruchan-Ramen-Noodle-Soup-Chicken-Flavor-3-oz-Shelf-Stable-Package/15754233?classType=VARIANT&athbdg=L1600&from=/search
2025-07-26T16:13:33.379Z,"Maruchan Ramen Noodle Beef Flavor Soup, 3 oz, 12 Count Shelf Stable Package","current price $3.97",https://www.walmart.com/ip/Maruchan-Ramen-Noodle-Beef-Flavor-Soup-3-oz-12-Count-Shelf-Stable-Package/15570903?classType=VARIANT&athbdg=L1600&from=/search
2025-07-26T16:13:39.637Z,"Maruchan Yakisoba Teriyaki Beef Flavor Noodles, 4 oz Shelf Stable Package","current price $1.28",https://www.walmart.com/ip/Maruchan-Yakisoba-Teriyaki-Beef-Flavor-Noodles-4-oz-Shelf-Stable-Package/10450909?classType=VARIANT&athbdg=L1600&from=/search
2025-07-26T16:13:46.168Z,"Maruchan Ramen Noodle Chicken Flavor Soup, 3 oz, 12 Count Shelf Stable Package","current price $3.97",https://www.walmart.com/ip/Maruchan-Ramen-Noodle-Chicken-Flavor-Soup-3-oz-12-Count-Shelf-Stable-Package/10450904?classType=VARIANT&athbdg=L1600&from=/search
2025-07-26T16:13:52.848Z,"Maruchan Ramen Noodle Soup Soy Sauce Flavor, 3.0 Oz, Pack of 12","current price $17.08",https://www.walmart.com/ip/Maruchan-Ramen-Noodle-Soup-Soy-Sauce-Flavor-3-0-Oz-Pack-of-12/317759802?classType=REGULAR&from=/search
2025-07-26T16:14:00.042Z,"Maruchan Instant Lunch Beef Flavor Ramen Noodles, 2.25 oz Shelf Stable Cup","current price $0.62",https://www.walmart.com/ip/Maruchan-Instant-Lunch-Beef-Flavor-Ramen-Noodles-2-25-oz-Shelf-Stable-Cup/10450894?classType=VARIANT&athbdg=L1600&from=/search
2025-07-26T18:15:34.642Z,"Maruchan Instant Lunch Chicken Flavor Ramen Noodles, 2.25 oz Shelf Stable Cup","current price $0.62",https://www.walmart.com/ip/Maruchan-Instant-Lunch-Chicken-Flavor-Ramen-Noodles-2-25-oz-Shelf-Stable-Cup/10450893?classType=VARIANT&athbdg=L1600&from=/search
2025-07-26T18:15:41.051Z,"Maruchan Ramen Noodle Soup Chicken Flavor, 3 oz Shelf Stable Package","current price $0.47",https://www.walmart.com/ip/Maruchan-Ramen-Noodle-Soup-Chicken-Flavor-3-oz-Shelf-Stable-Package/15754233?classType=VARIANT&athbdg=L1600&from=/search
2025-07-26T18:15:47.318Z,"Maruchan Ramen Noodle Beef Flavor Soup, 3 oz, 12 Count Shelf Stable Package","current price $3.97",https://www.walmart.com/ip/Maruchan-Ramen-Noodle-Beef-Flavor-Soup-3-oz-12-Count-Shelf-Stable-Package/15570903?classType=VARIANT&athbdg=L1600&from=/search
2025-07-26T18:15:53.383Z,"Maruchan Yakisoba Teriyaki Beef Flavor Noodles, 4 oz Shelf Stable Package","current price $1.28",https://www.walmart.com/ip/Maruchan-Yakisoba-Teriyaki-Beef-Flavor-Noodles-4-oz-Shelf-Stable-Package/10450909?classType=VARIANT&athbdg=L1600&from=/search
2025-07-26T18:15:59.484Z,"Maruchan Ramen Noodle Chicken Flavor Soup, 3 oz, 12 Count Shelf Stable Package","current price $3.97",https://www.walmart.com/ip/Maruchan-Ramen-Noodle-Chicken-Flavor-Soup-3-oz-12-Count-Shelf-Stable-Package/10450904?classType=VARIANT&athbdg=L1600&from=/search
2025-07-26T18:16:06.307Z,"Maruchan Ramen Noodle Soup Soy Sauce Flavor, 3.0 Oz, Pack of 12","current price $17.08",https://www.walmart.com/ip/Maruchan-Ramen-Noodle-Soup-Soy-Sauce-Flavor-3-0-Oz-Pack-of-12/317759802?classType=REGULAR&from=/search
2025-07-26T18:16:12.405Z,"Maruchan Instant Lunch Beef Flavor Ramen Noodles, 2.25 oz Shelf Stable Cup","current price $0.62",https://www.walmart.com/ip/Maruchan-Instant-Lunch-Beef-Flavor-Ramen-Noodles-2-25-oz-Shelf-Stable-Cup/10450894?classType=VARIANT&athbdg=L1600&from=/search
2025-07-26T20:12:18.104Z,"Maruchan Instant Lunch Chicken Flavor Ramen Noodles, 2.25 oz Shelf Stable Cup","current price $0.62",https://www.walmart.com/ip/Maruchan-Instant-Lunch-Chicken-Flavor-Ramen-Noodles-2-25-oz-Shelf-Stable-Cup/10450893?classType=VARIANT&athbdg=L1600&from=/search
2025-07-26T20:12:25.284Z,"Maruchan Ramen Noodle Soup Chicken Flavor, 3 oz Shelf Stable Package","current price $0.52",https://www.walmart.com/ip/Maruchan-Ramen-Noodle-Soup-Chicken-Flavor-3-oz-Shelf-Stable-Package/15754233?classType=VARIANT&athbdg=L1600&from=/search
2025-07-26T20:12:32.538Z,"Maruchan Ramen Noodle Beef Flavor Soup, 3 oz, 12 Count Shelf Stable Package","current price $3.97",https://www.walmart.com/ip/Maruchan-Ramen-Noodle-Beef-Flavor-Soup-3-oz-12-Count-Shelf-Stable-Package/15570903?classType=VARIANT&athbdg=L1600&from=/search
2025-07-26T20:12:38.883Z,"Maruchan Yakisoba Teriyaki Beef Flavor Noodles, 4 oz Shelf Stable Package","current price $1.12",https://www.walmart.com/ip/Maruchan-Yakisoba-Teriyaki-Beef-Flavor-Noodles-4-oz-Shelf-Stable-Package/10450909?classType=VARIANT&athbdg=L1600&from=/search
2025-07-26T20:12:45.237Z,"Maruchan Ramen Noodle Chicken Flavor Soup, 3 oz, 12 Count Shelf Stable Package","current price $3.97",https://www.walmart.com/ip/Maruchan-Ramen-Noodle-Chicken-Flavor-Soup-3-oz-12-Count-Shelf-Stable-Package/10450904?classType=VARIANT&athbdg=L1600&from=/search
2025-07-26T20:12:51.444Z,"Maruchan Ramen Noodle Soup Soy Sauce Flavor, 3.0 Oz, Pack of 12","current price $17.08",https://www.walmart.com/ip/Maruchan-Ramen-Noodle-Soup-Soy-Sauce-Flavor-3-0-Oz-Pack-of-12/317759802?classType=REGULAR&from=/search
2025-07-26T20:12:57.572Z,"Maruchan Instant Lunch Beef Flavor Ramen Noodles, 2.25 oz Shelf Stable Cup","current price $0.62",https://www.walmart.com/ip/Maruchan-Instant-Lunch-Beef-Flavor-Ramen-Noodles-2-25-oz-Shelf-Stable-Cup/10450894?classType=VARIANT&athbdg=L1600&from=/search
2025-07-26T22:11:10.001Z,"Maruchan Instant Lunch Chicken Flavor Ramen Noodles, 2.25 oz Shelf Stable Cup","current price $0.62",https://www.walmart.com/ip/Maruchan-Instant-Lunch-Chicken-Flavor-Ramen-Noodles-2-25-oz-Shelf-Stable-Cup/10450893?classType=VARIANT&athbdg=L1600&from=/search
2025-07-26T22:11:17.644Z,"Maruchan Ramen Noodle Soup Chicken Flavor, 3 oz Shelf Stable Package","current price $0.47",https://www.walmart.com/ip/Maruchan-Ramen-Noodle-Soup-Chicken-Flavor-3-oz-Shelf-Stable-Package/15754233?classType=VARIANT&athbdg=L1600&from=/search
2025-07-26T22:11:23.828Z,"Maruchan Ramen Noodle Beef Flavor Soup, 3 oz, 12 Count Shelf Stable Package","current price $3.97",https://www.walmart.com/ip/Maruchan-Ramen-Noodle-Beef-Flavor-Soup-3-oz-12-Count-Shelf-Stable-Package/15570903?classType=VARIANT&athbdg=L1600&from=/search
2025-07-26T22:11:30.093Z,"Maruchan Yakisoba Teriyaki Beef Flavor Noodles, 4 oz Shelf Stable Package","current price $1.28",https://www.walmart.com/ip/Maruchan-Yakisoba-Teriyaki-Beef-Flavor-Noodles-4-oz-Shelf-Stable-Package/10450909?classType=VARIANT&athbdg=L1600&from=/search
2025-07-26T22:11:36.443Z,"Maruchan Ramen Noodle Chicken Flavor Soup, 3 oz, 12 Count Shelf Stable Package","current price $3.97",https://www.walmart.com/ip/Maruchan-Ramen-Noodle-Chicken-Flavor-Soup-3-oz-12-Count-Shelf-Stable-Package/10450904?classType=VARIANT&athbdg=L1600&from=/search
2025-07-26T22:11:44.430Z,"Maruchan Ramen Noodle Soup Soy Sauce Flavor, 3.0 Oz, Pack of 12","current price $17.08",https://www.walmart.com/ip/Maruchan-Ramen-Noodle-Soup-Soy-Sauce-Flavor-3-0-Oz-Pack-of-12/317759802?classType=REGULAR&from=/search
2025-07-26T22:11:50.719Z,"Maruchan Instant Lunch Beef Flavor Ramen Noodles, 2.25 oz Shelf Stable Cup","current price $0.62",https://www.walmart.com/ip/Maruchan-Instant-Lunch-Beef-Flavor-Ramen-Noodles-2-25-oz-Shelf-Stable-Cup/10450894?classType=VARIANT&athbdg=L1600&from=/search
2025-07-27T01:05:06.847Z,"Maruchan Instant Lunch Chicken Flavor Ramen Noodles, 2.25 oz Shelf Stable Cup","current price $0.62",https://www.walmart.com/ip/Maruchan-Instant-Lunch-Chicken-Flavor-Ramen-Noodles-2-25-oz-Shelf-Stable-Cup/10450893?classType=VARIANT&athbdg=L1600&from=/search
2025-07-27T01:05:13.415Z,"Maruchan Ramen Noodle Soup Chicken Flavor, 3 oz Shelf Stable Package","current price $0.47",https://www.walmart.com/ip/Maruchan-Ramen-Noodle-Soup-Chicken-Flavor-3-oz-Shelf-Stable-Package/15754233?classType=VARIANT&athbdg=L1600&from=/search
2025-07-27T01:05:19.495Z,"Maruchan Ramen Noodle Beef Flavor Soup, 3 oz, 12 Count Shelf Stable Package","current price $3.97",https://www.walmart.com/ip/Maruchan-Ramen-Noodle-Beef-Flavor-Soup-3-oz-12-Count-Shelf-Stable-Package/15570903?classType=VARIANT&athbdg=L1600&from=/search
2025-07-27T01:05:26.192Z,"Maruchan Yakisoba Teriyaki Beef Flavor Noodles, 4 oz Shelf Stable Package","current price $1.28",https://www.walmart.com/ip/Maruchan-Yakisoba-Teriyaki-Beef-Flavor-Noodles-4-oz-Shelf-Stable-Package/10450909?classType=VARIANT&athbdg=L1600&from=/search
2025-07-27T01:05:32.462Z,"Maruchan Ramen Noodle Chicken Flavor Soup, 3 oz, 12 Count Shelf Stable Package","current price $3.97",https://www.walmart.com/ip/Maruchan-Ramen-Noodle-Chicken-Flavor-Soup-3-oz-12-Count-Shelf-Stable-Package/10450904?classType=VARIANT&athbdg=L1600&from=/search
2025-07-27T01:05:38.547Z,"Maruchan Ramen Noodle Soup Soy Sauce Flavor, 3.0 Oz, Pack of 12","current price $17.08",https://www.walmart.com/ip/Maruchan-Ramen-Noodle-Soup-Soy-Sauce-Flavor-3-0-Oz-Pack-of-12/317759802?classType=REGULAR&from=/search
2025-07-27T01:05:44.706Z,"Maruchan Instant Lunch Beef Flavor Ramen Noodles, 2.25 oz Shelf Stable Cup","current price $0.62",https://www.walmart.com/ip/Maruchan-Instant-Lunch-Beef-Flavor-Ramen-Noodles-2-25-oz-Shelf-Stable-Cup/10450894?classType=VARIANT&athbdg=L1600&from=/search
2025-07-27T03:41:20.604Z,"Maruchan Instant Lunch Chicken Flavor Ramen Noodles, 2.25 oz Shelf Stable Cup","current price $0.62",https://www.walmart.com/ip/Maruchan-Instant-Lunch-Chicken-Flavor-Ramen-Noodles-2-25-oz-Shelf-Stable-Cup/10450893?classType=VARIANT&athbdg=L1600&from=/search
2025-07-27T03:41:27.320Z,"Maruchan Ramen Noodle Soup Chicken Flavor, 3 oz Shelf Stable Package","current price $0.52",https://www.walmart.com/ip/Maruchan-Ramen-Noodle-Soup-Chicken-Flavor-3-oz-Shelf-Stable-Package/15754233?classType=VARIANT&athbdg=L1600&from=/search
2025-07-27T03:41:33.328Z,"Maruchan Ramen Noodle Beef Flavor Soup, 3 oz, 12 Count Shelf Stable Package","current price $3.97",https://www.walmart.com/ip/Maruchan-Ramen-Noodle-Beef-Flavor-Soup-3-oz-12-Count-Shelf-Stable-Package/15570903?classType=VARIANT&athbdg=L1600&from=/search
2025-07-27T03:41:39.780Z,"Maruchan Yakisoba Teriyaki Beef Flavor Noodles, 4 oz Shelf Stable Package","current price $1.12",https://www.walmart.com/ip/Maruchan-Yakisoba-Teriyaki-Beef-Flavor-Noodles-4-oz-Shelf-Stable-Package/10450909?classType=VARIANT&athbdg=L1600&from=/search
2025-07-27T03:41:46.544Z,"Maruchan Ramen Noodle Chicken Flavor Soup, 3 oz, 12 Count Shelf Stable Package","current price $3.97",https://www.walmart.com/ip/Maruchan-Ramen-Noodle-Chicken-Flavor-Soup-3-oz-12-Count-Shelf-Stable-Package/10450904?classType=VARIANT&athbdg=L1600&from=/search
2025-07-27T03:41:52.710Z,"Maruchan Ramen Noodle Soup Soy Sauce Flavor, 3.0 Oz, Pack of 12","current price $17.08",https://www.walmart.com/ip/Maruchan-Ramen-Noodle-Soup-Soy-Sauce-Flavor-3-0-Oz-Pack-of-12/317759802?classType=REGULAR&from=/search
2025-07-27T03:41:58.758Z,"Maruchan Instant Lunch Beef Flavor Ramen Noodles, 2.25 oz Shelf Stable Cup","current price $0.62",https://www.walmart.com/ip/Maruchan-Instant-Lunch-Beef-Flavor-Ramen-Noodles-2-25-oz-Shelf-Stable-Cup/10450894?classType=VARIANT&athbdg=L1600&from=/search
